,Game,Win Percentage of Asterisk Team
0,akron v gonzaga,0.005276663148134494
1,akron v arizona,0.018534400743845127
2,akron v kentucky,0.019593426529463567
3,akron v duke,0.025539389760059313
4,akron v baylor,0.02817385936044178
5,akron v iowa,0.04210607137903542
6,akron v houston,0.0317690055314855
7,akron v texas-tech,0.049080659430040155
8,akron v connecticut,0.04278449771099174
9,akron v ucla,0.05588634112345465
10,akron v kansas,0.06932079709714883
11,akron v auburn,0.07944648038192481
12,akron v tennessee,0.07067969017402001
13,akron v purdue,0.06709143616780211
14,akron v arkansas,0.11525161499220912
15,akron v villanova,0.07870601850906794
16,akron v loyola-il,0.0963672138679292
17,akron v virginia-tech,0.09637613674001602
18,akron v indiana,0.13450457897192078
19,akron v illinois,0.11271363894239038
20,akron v wisconsin,0.12877981417934348
21,akron v louisiana-state,0.17810489007152852
22,akron v providence,0.15354851364406963
23,akron v saint-marys-ca,0.14219048897818587
24,akron v southern-california,0.15191126906808153
25,akron v san-francisco,0.18069961578673208
26,akron v memphis,0.1924223253081886
27,akron v north-carolina,0.17461271115706906
28,akron v texas,0.14455322507631685
29,akron v michigan-state,0.1872419074684772
30,akron v seton-hall,0.2141194448159105
31,akron v alabama-birmingham,0.19163361933072648
32,akron v colorado-state,0.1950140378334112
33,akron v creighton,0.28462260623739283
34,akron v ohio-state,0.19934136131904576
35,akron v san-diego-state,0.26478017041946694
36,akron v texas-christian,0.25025836155729875
37,akron v marquette,0.30491942748723505
38,akron v notre-dame,0.24798563072056623
39,akron v davidson,0.23412126549594336
40,akron v boise-state,0.25662092227903266
41,akron v alabama,0.2644784462265322
42,akron v michigan,0.25690621304857486
43,akron v miami-fl,0.319872326027614
44,akron v murray-state,0.2561992647113652
45,akron v iowa-state,0.42920669125120975
46,akron v richmond,0.43599685809265276
47,akron v vermont,0.3027560359303304
48,akron v yale,0.6752764767754902
49,akron v colgate,0.39118804437308724
50,akron v wright-state,0.4449327716225287
51,akron v chattanooga,0.5285214270133195
52,akron v delaware,0.7354433828374607
53,akron v new-mexico-state,0.6641143663239732
54,akron v saint-peters,0.8334197627794877
55,akron v south-dakota-state,0.4924634680422536
56,akron v texas-southern,0.8914760549705636
57,akron v cal-state-fullerton,0.7917810130336835
58,akron v montana-state,0.6703571516442015
59,akron v georgia-state,0.9431500283399372
60,akron v longwood,0.6842362302992737
61,akron v jacksonville-state,0.7561120521904148
62,akron v norfolk-state,0.8818717935203004
63,alabama v villanova,0.25722518478292455
64,alabama v ucla,0.3189989217169089
65,alabama v tennessee,0.32712052797396246
66,alabama v saint-marys-ca,0.3423264392456869
67,alabama v loyola-il,0.4081027745373707
68,alabama v kansas,0.4051263632046065
69,alabama v wisconsin,0.380536006052289
70,alabama v houston,0.3581461415094868
71,alabama v auburn,0.43889877078346284
72,alabama v illinois,0.3874812472037235
73,alabama v michigan,0.42596260883666903
74,alabama v michigan-state,0.423982295612379
75,alabama v ohio-state,0.4326594980567019
76,alabama v san-francisco,0.49764092685574307
77,alabama v notre-dame,0.5054880729741397
78,alabama v arizona,0.46680491357089815
79,alabama v baylor,0.38759706883163847
80,alabama v seton-hall,0.45248598712869903
81,alabama v san-diego-state,0.4423387052768586
82,alabama v memphis,0.5242283966065482
83,alabama v providence,0.4740970572669456
84,alabama v north-carolina,0.5076969795092943
85,alabama v louisiana-state,0.4611347875858213
86,alabama v marquette,0.5333230238780814
87,alabama v virginia-tech,0.41764041267818985
88,alabama v boise-state,0.4709340140527347
89,alabama v kentucky,0.42316713474849343
90,alabama v gonzaga,0.49617741769488305
91,alabama v creighton,0.4671971834717888
92,alabama v miami-fl,0.5729285859701249
93,alabama v richmond,0.5977390081979574
94,alabama v arkansas,0.5175495530236535
95,alabama v purdue,0.4523237971534818
96,alabama v murray-state,0.6892541497756417
97,alabama v wright-state,0.48801592410120087
98,alabama v colorado-state,0.531458588306691
99,alabama v duke,0.4863650267140046
100,alabama v new-mexico-state,0.6747441768860694
101,alabama v chattanooga,0.6462038335299833
102,alabama v connecticut,0.4535090505863647
103,alabama v davidson,0.6481749620103326
104,alabama v yale,0.6379812046183116
105,alabama v alabama-birmingham,0.6361692388989706
106,alabama v iowa,0.5235681125978406
107,alabama v indiana,0.48492303766402084
108,alabama v southern-california,0.5389785656422098
109,alabama v colgate,0.6592563162149105
110,alabama v texas-tech,0.47433170645036044
111,alabama v georgia-state,0.7689844138501791
112,alabama v texas-christian,0.5242695263682619
113,alabama v delaware,0.6991534094216934
114,alabama v saint-peters,0.734865833171744
115,alabama v vermont,0.7640772146758561
116,alabama v south-dakota-state,0.7747872081835887
117,alabama v texas-southern,0.8063939252666251
118,alabama v jacksonville-state,0.7439843433465907
119,alabama v texas,0.4832147595119426
120,alabama v cal-state-fullerton,0.7187542653128538
121,alabama v iowa-state,0.5606372871918281
122,alabama v montana-state,0.6870240154063778
123,alabama v norfolk-state,0.8470506025105438
124,alabama v longwood,0.8296845299437831
125,alabama-birmingham v gonzaga,0.14044245819821077
126,alabama-birmingham v arizona,0.17380123809202674
127,alabama-birmingham v kentucky,0.17578029828561606
128,alabama-birmingham v baylor,0.18226959498671472
129,alabama-birmingham v kansas,0.21145927968801473
130,alabama-birmingham v tennessee,0.19790031320259652
131,alabama-birmingham v ucla,0.18119565729003656
132,alabama-birmingham v auburn,0.24270401234512207
133,alabama-birmingham v duke,0.21536171057355444
134,alabama-birmingham v villanova,0.17520721716123122
135,alabama-birmingham v houston,0.19710122615168763
136,alabama-birmingham v iowa,0.25894201513102044
137,alabama-birmingham v illinois,0.27571947784728573
138,alabama-birmingham v wisconsin,0.29526990620211274
139,alabama-birmingham v arkansas,0.3656201428324302
140,alabama-birmingham v memphis,0.3643432846523254
141,alabama-birmingham v north-carolina,0.32978011726668865
142,alabama-birmingham v loyola-il,0.30262316755736407
143,alabama-birmingham v louisiana-state,0.41028256906203026
144,alabama-birmingham v connecticut,0.2560424952914133
145,alabama-birmingham v michigan-state,0.33184323379826974
146,alabama-birmingham v texas-tech,0.2927177291081109
147,alabama-birmingham v purdue,0.2829390467445286
148,alabama-birmingham v san-francisco,0.38868976899587293
149,alabama-birmingham v saint-marys-ca,0.3174210278834429
150,alabama-birmingham v marquette,0.44327995331068826
151,alabama-birmingham v seton-hall,0.4148513537309789
152,alabama-birmingham v virginia-tech,0.2916108574470349
153,alabama-birmingham v providence,0.3874155027209687
154,alabama-birmingham v creighton,0.5044630374696284
155,alabama-birmingham v notre-dame,0.42471850483062745
156,alabama-birmingham v indiana,0.4137605637670258
157,alabama-birmingham v ohio-state,0.3806455393875804
158,alabama-birmingham v san-diego-state,0.5001587213364151
159,alabama-birmingham v michigan,0.38545219607432213
160,alabama-birmingham v miami-fl,0.4989609236616496
161,alabama-birmingham v colorado-state,0.46643392714367404
162,alabama-birmingham v boise-state,0.489211879206112
163,alabama-birmingham v southern-california,0.4613619456059615
164,alabama-birmingham v richmond,0.5874090556671991
165,alabama-birmingham v texas-christian,0.49978400241027265
166,alabama-birmingham v murray-state,0.5868569963799388
167,alabama-birmingham v yale,0.7374100716672365
168,alabama-birmingham v davidson,0.5809740351648793
169,alabama-birmingham v texas,0.40071261068185804
170,alabama-birmingham v wright-state,0.5716259885090345
171,alabama-birmingham v iowa-state,0.667195033069543
172,alabama-birmingham v colgate,0.6281318872886352
173,alabama-birmingham v chattanooga,0.697173349508472
174,alabama-birmingham v new-mexico-state,0.7962717891287623
175,alabama-birmingham v vermont,0.6475019468740928
176,alabama-birmingham v texas-southern,0.8725056801054081
177,alabama-birmingham v delaware,0.8275104614110012
178,alabama-birmingham v saint-peters,0.8804678676923114
179,alabama-birmingham v south-dakota-state,0.7033264395005997
180,alabama-birmingham v georgia-state,0.9223215264240743
181,alabama-birmingham v cal-state-fullerton,0.8923385301411705
182,alabama-birmingham v montana-state,0.8376856879220129
183,alabama-birmingham v jacksonville-state,0.8904940172603418
184,alabama-birmingham v norfolk-state,0.9527764908503795
185,alabama-birmingham v longwood,0.9019194123582628
186,arizona v tennessee,0.44188094040770776
187,arizona v auburn,0.4881047834015595
188,arizona v kansas,0.458482471652119
189,arizona v gonzaga,0.5225908299418549
190,arizona v ucla,0.48561125233362157
191,arizona v villanova,0.4643518857207726
192,arizona v memphis,0.5795233247315533
193,arizona v baylor,0.5429166134491109
194,arizona v wisconsin,0.5741840035377984
195,arizona v illinois,0.5664736648023342
196,arizona v michigan-state,0.5604464744925985
197,arizona v north-carolina,0.5725462093139986
198,arizona v marquette,0.6112254254904588
199,arizona v kentucky,0.5678689099240332
200,arizona v san-francisco,0.6460692481649426
201,arizona v louisiana-state,0.653916827650057
202,arizona v saint-marys-ca,0.6346346888508887
203,arizona v houston,0.6302325628860009
204,arizona v loyola-il,0.6640831104527878
205,arizona v arkansas,0.6707775329186134
206,arizona v seton-hall,0.6625593611444467
207,arizona v michigan,0.6171953914744814
208,arizona v duke,0.6539239395440894
209,arizona v notre-dame,0.7181247076548744
210,arizona v creighton,0.7269548632870829
211,arizona v ohio-state,0.6898132719521999
212,arizona v iowa,0.6647196434586211
213,arizona v san-diego-state,0.7259355572657824
214,arizona v providence,0.7392498321492059
215,arizona v miami-fl,0.7636725746306181
216,arizona v richmond,0.7909115348341391
217,arizona v virginia-tech,0.6939496053619056
218,arizona v purdue,0.7063615175578531
219,arizona v boise-state,0.7838220868472517
220,arizona v connecticut,0.6960278390341497
221,arizona v yale,0.8471518320036396
222,arizona v texas-tech,0.702348619239947
223,arizona v wright-state,0.8075421857280785
224,arizona v indiana,0.751447062296787
225,arizona v colorado-state,0.8238602652463315
226,arizona v murray-state,0.8760575388956603
227,arizona v southern-california,0.8300749829764362
228,arizona v new-mexico-state,0.8970875621977565
229,arizona v texas-christian,0.8012383034633694
230,arizona v colgate,0.8883236941109511
231,arizona v chattanooga,0.8991661343643892
232,arizona v texas-southern,0.9175212146375364
233,arizona v davidson,0.903523955481303
234,arizona v georgia-state,0.9384806514919479
235,arizona v saint-peters,0.9348290653314992
236,arizona v iowa-state,0.8732788995447427
237,arizona v delaware,0.942820272848587
238,arizona v texas,0.7805426057612427
239,arizona v south-dakota-state,0.91367913757247
240,arizona v vermont,0.9460773210921938
241,arizona v cal-state-fullerton,0.9667334675767187
242,arizona v montana-state,0.9575548573222032
243,arizona v jacksonville-state,0.9749558206040463
244,arizona v norfolk-state,0.9907358086578427
245,arizona v longwood,0.9931284568288112
246,arkansas v gonzaga,0.31191441580849927
247,arkansas v ucla,0.3235313978944159
248,arkansas v tennessee,0.31323140832078467
249,arkansas v villanova,0.31107144552849897
250,arkansas v auburn,0.36341257395972126
251,arkansas v kansas,0.345550217677553
252,arkansas v baylor,0.3502655130297575
253,arkansas v houston,0.3754588250039677
254,arkansas v kentucky,0.36114130892191065
255,arkansas v loyola-il,0.4517958897402923
256,arkansas v wisconsin,0.4266127397141527
257,arkansas v illinois,0.42141420590427375
258,arkansas v saint-marys-ca,0.44234917572036925
259,arkansas v duke,0.4332184702094585
260,arkansas v memphis,0.46603987259954127
261,arkansas v san-francisco,0.5040068867330212
262,arkansas v louisiana-state,0.500668534938326
263,arkansas v michigan-state,0.45493364020993676
264,arkansas v north-carolina,0.4651918895988553
265,arkansas v seton-hall,0.5174929777437475
266,arkansas v providence,0.5520145572049189
267,arkansas v iowa,0.47623300794683165
268,arkansas v connecticut,0.45580722043761
269,arkansas v marquette,0.525938766458427
270,arkansas v virginia-tech,0.4821863290181867
271,arkansas v san-diego-state,0.5475950774157563
272,arkansas v notre-dame,0.5717179252305562
273,arkansas v texas-tech,0.47112740698374755
274,arkansas v creighton,0.5780782911388843
275,arkansas v purdue,0.5077522593426813
276,arkansas v boise-state,0.5938527193966214
277,arkansas v michigan,0.5207713299029244
278,arkansas v ohio-state,0.5534451776128784
279,arkansas v murray-state,0.7022781226988573
280,arkansas v colorado-state,0.6408801025882822
281,arkansas v richmond,0.6699721243538079
282,arkansas v miami-fl,0.6471308184600801
283,arkansas v southern-california,0.6243106527393583
284,arkansas v indiana,0.5645405716536999
285,arkansas v wright-state,0.5947138715563092
286,arkansas v yale,0.726008263152655
287,arkansas v davidson,0.7455752028912199
288,arkansas v texas-christian,0.6289335270172611
289,arkansas v new-mexico-state,0.7964088588622935
290,arkansas v colgate,0.7010208086636245
291,arkansas v texas,0.5729631086031169
292,arkansas v chattanooga,0.7843991275076624
293,arkansas v texas-southern,0.8133759485999962
294,arkansas v vermont,0.7781841576457832
295,arkansas v saint-peters,0.8323182629348553
296,arkansas v iowa-state,0.7238227459733626
297,arkansas v georgia-state,0.8729370946031367
298,arkansas v delaware,0.8475858905355783
299,arkansas v cal-state-fullerton,0.8795899998904013
300,arkansas v south-dakota-state,0.8201149009731808
301,arkansas v montana-state,0.8535417237568679
302,arkansas v jacksonville-state,0.9059955453027024
303,arkansas v norfolk-state,0.9383573895928327
304,arkansas v longwood,0.9380552646059336
305,auburn v villanova,0.3960374540499619
306,auburn v tennessee,0.42717348173201936
307,auburn v ucla,0.4387187298232408
308,auburn v kansas,0.4699754589777756
309,auburn v gonzaga,0.5308935693739917
310,auburn v wisconsin,0.5227265521372095
311,auburn v illinois,0.5226550123673674
312,auburn v saint-marys-ca,0.5277130869477974
313,auburn v michigan-state,0.538360545039827
314,auburn v baylor,0.50546832645019
315,auburn v houston,0.5189654870398375
316,auburn v loyola-il,0.5660324255301583
317,auburn v memphis,0.589786885684172
318,auburn v san-francisco,0.6046010953768441
319,auburn v north-carolina,0.5804089224156874
320,auburn v michigan,0.56620536989516
321,auburn v marquette,0.6166602081261855
322,auburn v kentucky,0.5337216205284039
323,auburn v louisiana-state,0.6074405924268277
324,auburn v seton-hall,0.606488930236317
325,auburn v ohio-state,0.6037987913476552
326,auburn v notre-dame,0.6545185914188903
327,auburn v san-diego-state,0.6333539792211325
328,auburn v providence,0.6484469673100224
329,auburn v creighton,0.6514691334230336
330,auburn v duke,0.6085575455320602
331,auburn v miami-fl,0.7074334948292043
332,auburn v virginia-tech,0.5981453877026389
333,auburn v richmond,0.7357688315104614
334,auburn v boise-state,0.67618328620692
335,auburn v iowa,0.6351717480598174
336,auburn v purdue,0.6219821550032928
337,auburn v connecticut,0.6115697020467767
338,auburn v wright-state,0.6764079118824249
339,auburn v colorado-state,0.7226276950823279
340,auburn v murray-state,0.7975819642898045
341,auburn v yale,0.7933125753223769
342,auburn v indiana,0.6699680519313639
343,auburn v new-mexico-state,0.8252010992874338
344,auburn v texas-tech,0.6336070270055694
345,auburn v southern-california,0.7304947148696044
346,auburn v davidson,0.8135119369767152
347,auburn v chattanooga,0.8240072515361727
348,auburn v colgate,0.7980000650383487
349,auburn v texas-christian,0.7249846895117418
350,auburn v georgia-state,0.8982039007350374
351,auburn v texas-southern,0.8955878229357193
352,auburn v saint-peters,0.8876272491160118
353,auburn v delaware,0.8811332273908692
354,auburn v south-dakota-state,0.856354943433709
355,auburn v vermont,0.8752110455802691
356,auburn v texas,0.6708890020591257
357,auburn v iowa-state,0.791001719285426
358,auburn v cal-state-fullerton,0.9103685390263876
359,auburn v jacksonville-state,0.9153575319233287
360,auburn v montana-state,0.8781632274755121
361,auburn v norfolk-state,0.9679236511789044
362,auburn v longwood,0.9633423728010819
363,baylor v gonzaga,0.4321306272464388
364,baylor v tennessee,0.4417022981217372
365,baylor v ucla,0.47192126711336013
366,baylor v villanova,0.45841625837079164
367,baylor v kansas,0.46948067269515203
368,baylor v kentucky,0.5146139541721703
369,baylor v houston,0.535374964139157
370,baylor v illinois,0.5708163532787525
371,baylor v wisconsin,0.5812756610149425
372,baylor v saint-marys-ca,0.6067059085692788
373,baylor v loyola-il,0.6281566439924391
374,baylor v duke,0.6002941936592437
375,baylor v louisiana-state,0.6427698469124016
376,baylor v michigan-state,0.6018024424987867
377,baylor v san-francisco,0.6666970799912704
378,baylor v memphis,0.6325656269707414
379,baylor v seton-hall,0.6757247329204492
380,baylor v north-carolina,0.6244913938573102
381,baylor v iowa,0.6281315887573388
382,baylor v connecticut,0.6297845257914114
383,baylor v michigan,0.6605337737642409
384,baylor v marquette,0.688788286068142
385,baylor v purdue,0.6623221849582488
386,baylor v virginia-tech,0.6701364161653283
387,baylor v providence,0.7265879376020156
388,baylor v ohio-state,0.7009330844966088
389,baylor v texas-tech,0.6349439403773837
390,baylor v creighton,0.7321752799309111
391,baylor v san-diego-state,0.7091698271448161
392,baylor v notre-dame,0.7626333621289532
393,baylor v indiana,0.7193674772454819
394,baylor v boise-state,0.773340830696287
395,baylor v colorado-state,0.8099980421907331
396,baylor v southern-california,0.7784801554289998
397,baylor v miami-fl,0.8183350842580455
398,baylor v richmond,0.8518046238065479
399,baylor v murray-state,0.8562679519380164
400,baylor v texas-christian,0.7992871886862523
401,baylor v texas,0.7256587709276676
402,baylor v davidson,0.8869846200905853
403,baylor v yale,0.9087581003858447
404,baylor v wright-state,0.8602898154971458
405,baylor v iowa-state,0.8655758134116681
406,baylor v new-mexico-state,0.9368469522286134
407,baylor v chattanooga,0.9286719058485826
408,baylor v colgate,0.9017176367596267
409,baylor v vermont,0.9166453381089917
410,baylor v saint-peters,0.9628964252241645
411,baylor v delaware,0.9718786919915283
412,baylor v south-dakota-state,0.9081658216120192
413,baylor v georgia-state,0.9814703131861648
414,baylor v texas-southern,0.9753592851184243
415,baylor v cal-state-fullerton,0.9818096906356502
416,baylor v montana-state,0.9595094416304121
417,baylor v jacksonville-state,0.9852847404400932
418,baylor v longwood,0.9924828588974199
419,baylor v norfolk-state,0.9960903874260333
420,boise-state v gonzaga,0.1489403293332304
421,boise-state v houston,0.17541953271417954
422,boise-state v kentucky,0.21673874486776334
423,boise-state v ucla,0.23711948566759902
424,boise-state v duke,0.26307044270692553
425,boise-state v tennessee,0.2663921701154202
426,boise-state v villanova,0.2289511163037406
427,boise-state v kansas,0.2971283124987276
428,boise-state v iowa,0.3196435930378744
429,boise-state v loyola-il,0.30933473337750106
430,boise-state v connecticut,0.2664754858046028
431,boise-state v illinois,0.3527837466403817
432,boise-state v texas-tech,0.3059832032941884
433,boise-state v purdue,0.3183919703801028
434,boise-state v wisconsin,0.3685152846069121
435,boise-state v saint-marys-ca,0.3307783836714899
436,boise-state v louisiana-state,0.4416144458406921
437,boise-state v virginia-tech,0.3395543690610301
438,boise-state v san-francisco,0.45783659005931243
439,boise-state v providence,0.42665945741370115
440,boise-state v michigan-state,0.443657531139395
441,boise-state v seton-hall,0.47864447679251754
442,boise-state v indiana,0.42974890753395123
443,boise-state v ohio-state,0.44637206918299666
444,boise-state v memphis,0.4959388429835352
445,boise-state v southern-california,0.4259939503190336
446,boise-state v north-carolina,0.47472095884027987
447,boise-state v san-diego-state,0.48794725492346047
448,boise-state v creighton,0.5338437752478682
449,boise-state v colorado-state,0.4886111822442075
450,boise-state v michigan,0.487291746478888
451,boise-state v marquette,0.5927018397549926
452,boise-state v notre-dame,0.5499023166877706
453,boise-state v texas,0.3806788579232524
454,boise-state v davidson,0.5510140259890974
455,boise-state v murray-state,0.5200646412240617
456,boise-state v miami-fl,0.6349481802175125
457,boise-state v texas-christian,0.5662311766136439
458,boise-state v richmond,0.7116547658308708
459,boise-state v vermont,0.5535892419980355
460,boise-state v iowa-state,0.6837348184427436
461,boise-state v wright-state,0.6325513712416506
462,boise-state v colgate,0.6441470700957288
463,boise-state v yale,0.8179555426841608
464,boise-state v chattanooga,0.7780864462116839
465,boise-state v new-mexico-state,0.8275179505312552
466,boise-state v south-dakota-state,0.716582138878719
467,boise-state v delaware,0.8841860581171219
468,boise-state v saint-peters,0.9016612640427969
469,boise-state v cal-state-fullerton,0.8986094525077554
470,boise-state v georgia-state,0.9609972864738784
471,boise-state v montana-state,0.8111365314586855
472,boise-state v texas-southern,0.9486374522635918
473,boise-state v jacksonville-state,0.8987095460825225
474,boise-state v longwood,0.8819596273916527
475,boise-state v norfolk-state,0.9564370478095061
476,cal-state-fullerton v gonzaga,0.015937922185510166
477,cal-state-fullerton v houston,0.006229383304164716
478,cal-state-fullerton v kentucky,0.01410862236813768
479,cal-state-fullerton v duke,0.01762039154641511
480,cal-state-fullerton v connecticut,0.013287024512055559
481,cal-state-fullerton v texas-tech,0.026946319278210194
482,cal-state-fullerton v iowa,0.04281781489515561
483,cal-state-fullerton v ucla,0.023475978564099362
484,cal-state-fullerton v purdue,0.027037599403643375
485,cal-state-fullerton v villanova,0.02485446722081961
486,cal-state-fullerton v loyola-il,0.03096723342663219
487,cal-state-fullerton v virginia-tech,0.02894112283588537
488,cal-state-fullerton v tennessee,0.04978042113821386
489,cal-state-fullerton v kansas,0.0688189040414123
490,cal-state-fullerton v saint-marys-ca,0.04965059262709139
491,cal-state-fullerton v providence,0.06101537394388766
492,cal-state-fullerton v southern-california,0.060805853283408096
493,cal-state-fullerton v texas,0.04564825714267679
494,cal-state-fullerton v indiana,0.08763764603773064
495,cal-state-fullerton v illinois,0.07107041307202423
496,cal-state-fullerton v wisconsin,0.07808322839388823
497,cal-state-fullerton v colorado-state,0.06952377916388502
498,cal-state-fullerton v davidson,0.07277913865015384
499,cal-state-fullerton v louisiana-state,0.1659894535427743
500,cal-state-fullerton v san-francisco,0.1458054885796135
501,cal-state-fullerton v murray-state,0.09577332859331675
502,cal-state-fullerton v san-diego-state,0.15457319010910087
503,cal-state-fullerton v seton-hall,0.15426612899615227
504,cal-state-fullerton v ohio-state,0.09716019932849175
505,cal-state-fullerton v texas-christian,0.13146751425776088
506,cal-state-fullerton v creighton,0.20468785607827378
507,cal-state-fullerton v vermont,0.09364509266573938
508,cal-state-fullerton v notre-dame,0.12518738871707943
509,cal-state-fullerton v michigan-state,0.14797441796745378
510,cal-state-fullerton v memphis,0.19887724425706177
511,cal-state-fullerton v north-carolina,0.17233862661027932
512,cal-state-fullerton v miami-fl,0.20524333104073045
513,cal-state-fullerton v michigan,0.172128362491267
514,cal-state-fullerton v iowa-state,0.269784307565776
515,cal-state-fullerton v colgate,0.17924853371099547
516,cal-state-fullerton v marquette,0.3159503903505222
517,cal-state-fullerton v richmond,0.28140249219430125
518,cal-state-fullerton v wright-state,0.22212513455569244
519,cal-state-fullerton v yale,0.5306769977562433
520,cal-state-fullerton v chattanooga,0.28214467297769424
521,cal-state-fullerton v delaware,0.4509550123368481
522,cal-state-fullerton v new-mexico-state,0.4452470350884259
523,cal-state-fullerton v saint-peters,0.6152946613744534
524,cal-state-fullerton v texas-southern,0.7093237786465425
525,cal-state-fullerton v longwood,0.4274471698205687
526,cal-state-fullerton v south-dakota-state,0.4149211172026096
527,cal-state-fullerton v georgia-state,0.7936469062360899
528,cal-state-fullerton v montana-state,0.5093107653055549
529,cal-state-fullerton v jacksonville-state,0.5299550031455724
530,cal-state-fullerton v norfolk-state,0.6776607174049633
531,chattanooga v gonzaga,0.05927988284594829
532,chattanooga v houston,0.041115490556932505
533,chattanooga v kentucky,0.06554597710274664
534,chattanooga v ucla,0.07489896519224715
535,chattanooga v duke,0.08132611112249767
536,chattanooga v villanova,0.061896164568360314
537,chattanooga v tennessee,0.10476430504636691
538,chattanooga v connecticut,0.07078479633709273
539,chattanooga v purdue,0.09373955147818105
540,chattanooga v iowa,0.1280482253801546
541,chattanooga v kansas,0.148900840607376
542,chattanooga v texas-tech,0.09048560816627386
543,chattanooga v loyola-il,0.10528594718845596
544,chattanooga v illinois,0.1464358831503384
545,chattanooga v virginia-tech,0.09890208411039411
546,chattanooga v saint-marys-ca,0.1095934252451315
547,chattanooga v wisconsin,0.1501397294308397
548,chattanooga v louisiana-state,0.22711150598790467
549,chattanooga v indiana,0.16018248049413558
550,chattanooga v providence,0.16921277235140486
551,chattanooga v ohio-state,0.18161760669183388
552,chattanooga v michigan-state,0.22645877210581078
553,chattanooga v seton-hall,0.238045644989296
554,chattanooga v san-francisco,0.2584451509212464
555,chattanooga v southern-california,0.1734574805061347
556,chattanooga v san-diego-state,0.21896244388377778
557,chattanooga v creighton,0.26322638417737043
558,chattanooga v colorado-state,0.2057249897298971
559,chattanooga v michigan,0.2426726439112008
560,chattanooga v north-carolina,0.28173330569221744
561,chattanooga v texas,0.13928124325694483
562,chattanooga v memphis,0.3136352248842672
563,chattanooga v notre-dame,0.27301525817172817
564,chattanooga v davidson,0.25819935224609314
565,chattanooga v texas-christian,0.25533249614673686
566,chattanooga v marquette,0.4022842196313831
567,chattanooga v miami-fl,0.3772130383366957
568,chattanooga v murray-state,0.2961438014127149
569,chattanooga v richmond,0.4619365399016394
570,chattanooga v iowa-state,0.3628492501473627
571,chattanooga v vermont,0.3396358518952943
572,chattanooga v yale,0.6274763038809101
573,chattanooga v colgate,0.4512068933891465
574,chattanooga v wright-state,0.45547907537721444
575,chattanooga v new-mexico-state,0.6381566367045498
576,chattanooga v delaware,0.6933470034214406
577,chattanooga v south-dakota-state,0.5805947803470113
578,chattanooga v saint-peters,0.7296991838124927
579,chattanooga v montana-state,0.6394374189799746
580,chattanooga v texas-southern,0.8665102751600349
581,chattanooga v georgia-state,0.8851282700458389
582,chattanooga v jacksonville-state,0.7280982053002947
583,chattanooga v longwood,0.7006658096551055
584,chattanooga v norfolk-state,0.8480352108537976
585,colgate v gonzaga,0.07144565790548986
586,colgate v kentucky,0.08516976246597122
587,colgate v duke,0.10371950627963286
588,colgate v ucla,0.10425877059308714
589,colgate v iowa,0.15062859393331823
590,colgate v kansas,0.15817899910152733
591,colgate v houston,0.09618237152211581
592,colgate v tennessee,0.1440103508207589
593,colgate v villanova,0.10438717324987057
594,colgate v connecticut,0.12889725573664862
595,colgate v purdue,0.14354296301913155
596,colgate v texas-tech,0.1750361194178007
597,colgate v wisconsin,0.2113194782243803
598,colgate v illinois,0.19352710837971188
599,colgate v loyola-il,0.17618596073552786
600,colgate v virginia-tech,0.15787953063770732
601,colgate v north-carolina,0.28678053633510714
602,colgate v memphis,0.33907756161926483
603,colgate v michigan-state,0.26702156607686106
604,colgate v saint-marys-ca,0.20918336579060076
605,colgate v san-francisco,0.3152842607934852
606,colgate v louisiana-state,0.3617739899867002
607,colgate v indiana,0.2846911810641275
608,colgate v providence,0.243068319127208
609,colgate v ohio-state,0.23454524203770669
610,colgate v seton-hall,0.34042168971574577
611,colgate v marquette,0.434952263183049
612,colgate v notre-dame,0.2957317410413619
613,colgate v michigan,0.28617895779602137
614,colgate v creighton,0.4314839493558464
615,colgate v miami-fl,0.37530007154998435
616,colgate v san-diego-state,0.4214632943318574
617,colgate v colorado-state,0.29123991656856735
618,colgate v southern-california,0.30695386373966493
619,colgate v richmond,0.5014020525356068
620,colgate v davidson,0.3454424212413829
621,colgate v texas-christian,0.37590240257847096
622,colgate v texas,0.2822217684398972
623,colgate v murray-state,0.4088058844301725
624,colgate v yale,0.7451421198572103
625,colgate v wright-state,0.5033067247216139
626,colgate v iowa-state,0.5828271826095202
627,colgate v vermont,0.4457881509962399
628,colgate v texas-southern,0.891760401773202
629,colgate v delaware,0.7455680999487381
630,colgate v south-dakota-state,0.5867503512474564
631,colgate v new-mexico-state,0.7175816254327869
632,colgate v saint-peters,0.8863085431687245
633,colgate v georgia-state,0.9415550392379979
634,colgate v jacksonville-state,0.7907721539595376
635,colgate v montana-state,0.7535235740674098
636,colgate v longwood,0.7710409510625414
637,colgate v norfolk-state,0.9277191114856085
638,colorado-state v gonzaga,0.11875633325503492
639,colorado-state v kentucky,0.1794801127364642
640,colorado-state v duke,0.21879931871035246
641,colorado-state v houston,0.18149293151753804
642,colorado-state v ucla,0.21591966137643231
643,colorado-state v tennessee,0.2255061218583818
644,colorado-state v villanova,0.21436293947817253
645,colorado-state v kansas,0.2538095970390533
646,colorado-state v iowa,0.26207107129126134
647,colorado-state v texas-tech,0.25316167048994853
648,colorado-state v connecticut,0.2437172349975749
649,colorado-state v illinois,0.31163187562228545
650,colorado-state v purdue,0.28301806195757806
651,colorado-state v wisconsin,0.3290004088882005
652,colorado-state v louisiana-state,0.392139248630127
653,colorado-state v loyola-il,0.3206952433666364
654,colorado-state v saint-marys-ca,0.32757987285494805
655,colorado-state v virginia-tech,0.3222312303194066
656,colorado-state v indiana,0.37811656338878896
657,colorado-state v michigan-state,0.39574169155732775
658,colorado-state v seton-hall,0.4400062068374751
659,colorado-state v san-francisco,0.43702546707898093
660,colorado-state v providence,0.419611888575237
661,colorado-state v north-carolina,0.41517198356383367
662,colorado-state v memphis,0.44628157815354136
663,colorado-state v ohio-state,0.4319379938424748
664,colorado-state v creighton,0.49859204752833824
665,colorado-state v southern-california,0.4248965394215141
666,colorado-state v san-diego-state,0.4746167853334013
667,colorado-state v michigan,0.4600153831948102
668,colorado-state v texas,0.3577582151506773
669,colorado-state v marquette,0.5384654912227848
670,colorado-state v notre-dame,0.5338747395614544
671,colorado-state v texas-christian,0.5195977418526831
672,colorado-state v miami-fl,0.6139278552121266
673,colorado-state v davidson,0.601630302937533
674,colorado-state v murray-state,0.5914483832968078
675,colorado-state v richmond,0.7026141346840233
676,colorado-state v iowa-state,0.6432252336888841
677,colorado-state v yale,0.8164843433321711
678,colorado-state v vermont,0.6438372775020678
679,colorado-state v wright-state,0.6917488931669482
680,colorado-state v new-mexico-state,0.8635150540123474
681,colorado-state v delaware,0.9054674274497612
682,colorado-state v south-dakota-state,0.7457985076947489
683,colorado-state v saint-peters,0.9159353365732257
684,colorado-state v montana-state,0.8541297361162922
685,colorado-state v georgia-state,0.9706630273799771
686,colorado-state v texas-southern,0.9564571526055805
687,colorado-state v jacksonville-state,0.9303527238431393
688,colorado-state v longwood,0.920185888754814
689,colorado-state v norfolk-state,0.9709159670597686
690,connecticut v gonzaga,0.24258260565282452
691,connecticut v kentucky,0.368915696360514
692,connecticut v tennessee,0.3534868327115029
693,connecticut v ucla,0.37617580145530616
694,connecticut v kansas,0.36416721285858894
695,connecticut v houston,0.3990723603754488
696,connecticut v villanova,0.38272428587548535
697,connecticut v duke,0.4555354069947611
698,connecticut v illinois,0.4867105863607066
699,connecticut v iowa,0.4866473798341698
700,connecticut v wisconsin,0.5105233330153063
701,connecticut v louisiana-state,0.5662123022062019
702,connecticut v loyola-il,0.5380262851718991
703,connecticut v saint-marys-ca,0.540220877008321
704,connecticut v texas-tech,0.510723570387126
705,connecticut v michigan-state,0.5374943625997879
706,connecticut v purdue,0.5492210364267998
707,connecticut v memphis,0.5603912782471241
708,connecticut v san-francisco,0.5946645934930462
709,connecticut v north-carolina,0.5489737327816571
710,connecticut v seton-hall,0.6204122371940142
711,connecticut v virginia-tech,0.5830446738469215
712,connecticut v indiana,0.6395817528951085
713,connecticut v providence,0.6594805919926523
714,connecticut v michigan,0.6063726061904777
715,connecticut v ohio-state,0.6387616457724594
716,connecticut v marquette,0.6436557155101077
717,connecticut v creighton,0.6958412306945378
718,connecticut v san-diego-state,0.6678390794199809
719,connecticut v southern-california,0.6899090606888886
720,connecticut v notre-dame,0.7277045505703521
721,connecticut v texas,0.6276173509050251
722,connecticut v texas-christian,0.7539104995734318
723,connecticut v miami-fl,0.7914894564058105
724,connecticut v murray-state,0.7834747602065697
725,connecticut v richmond,0.8484403355580755
726,connecticut v davidson,0.8365286285131222
727,connecticut v iowa-state,0.8451654480351953
728,connecticut v yale,0.9257730728627163
729,connecticut v vermont,0.8421708168386519
730,connecticut v wright-state,0.8599965815102817
731,connecticut v new-mexico-state,0.9426818115517558
732,connecticut v saint-peters,0.9729957649796431
733,connecticut v south-dakota-state,0.837876231859124
734,connecticut v delaware,0.9806435310452005
735,connecticut v texas-southern,0.985942439248569
736,connecticut v georgia-state,0.9922138199688546
737,connecticut v montana-state,0.9516896049941707
738,connecticut v jacksonville-state,0.9847596508184141
739,connecticut v longwood,0.9880391745851771
740,connecticut v norfolk-state,0.9964241246462133
741,creighton v gonzaga,0.21762661712965584
742,creighton v houston,0.21565612231015152
743,creighton v ucla,0.2648976917710606
744,creighton v villanova,0.25223819716941975
745,creighton v kentucky,0.2673379698130657
746,creighton v loyola-il,0.3225647672103834
747,creighton v tennessee,0.2861758185070508
748,creighton v kansas,0.32967009671891645
749,creighton v saint-marys-ca,0.3330154219719918
750,creighton v duke,0.33239032982417765
751,creighton v illinois,0.3749099542680745
752,creighton v wisconsin,0.38177718976635416
753,creighton v virginia-tech,0.36496062793186007
754,creighton v san-francisco,0.4512934108249405
755,creighton v louisiana-state,0.43060537340585253
756,creighton v providence,0.4409974986020188
757,creighton v murray-state,0.5223793922076095
758,creighton v texas-tech,0.3381076341049015
759,creighton v iowa,0.3904574055271299
760,creighton v san-diego-state,0.438395931471334
761,creighton v purdue,0.3879465328276781
762,creighton v seton-hall,0.46259829880376346
763,creighton v memphis,0.4782486393879041
764,creighton v michigan-state,0.44761626060970383
765,creighton v southern-california,0.4450981583194418
766,creighton v ohio-state,0.4741154685404505
767,creighton v davidson,0.5596501436692733
768,creighton v notre-dame,0.53322634563243
769,creighton v vermont,0.5437875206207431
770,creighton v north-carolina,0.48861139720937286
771,creighton v indiana,0.44487705205480466
772,creighton v michigan,0.4934353892184089
773,creighton v wright-state,0.5074480441095814
774,creighton v marquette,0.5565847603787504
775,creighton v texas,0.40149411372478444
776,creighton v richmond,0.6508752070419428
777,creighton v miami-fl,0.6251720504409097
778,creighton v texas-christian,0.5393853997451123
779,creighton v new-mexico-state,0.7336429654907541
780,creighton v yale,0.7025288741028871
781,creighton v saint-peters,0.7739967064054101
782,creighton v iowa-state,0.6236417913424848
783,creighton v texas-southern,0.8183784674113098
784,creighton v delaware,0.797276096698676
785,creighton v georgia-state,0.8597830614823498
786,creighton v south-dakota-state,0.7608845523788523
787,creighton v jacksonville-state,0.8394621924554846
788,creighton v montana-state,0.7699982170054072
789,creighton v longwood,0.8571179770162822
790,creighton v norfolk-state,0.9020012030667406
791,davidson v gonzaga,0.05618463901854146
792,davidson v kentucky,0.10069016643389572
793,davidson v duke,0.1233799774712288
794,davidson v iowa,0.14910424273961592
795,davidson v tennessee,0.15575264495476687
796,davidson v kansas,0.16239430004194666
797,davidson v ucla,0.14489692106294838
798,davidson v houston,0.11819644070614507
799,davidson v villanova,0.15039767503678886
800,davidson v texas-tech,0.17252626461263032
801,davidson v illinois,0.22097772265309412
802,davidson v purdue,0.18038088923256462
803,davidson v wisconsin,0.248380971868011
804,davidson v louisiana-state,0.3149116752787981
805,davidson v loyola-il,0.24602903309716895
806,davidson v north-carolina,0.30079970982012716
807,davidson v indiana,0.29038557096199363
808,davidson v michigan-state,0.3027563688195901
809,davidson v saint-marys-ca,0.26500064899015674
810,davidson v san-francisco,0.3389390538708818
811,davidson v virginia-tech,0.23627852895988538
812,davidson v memphis,0.3467138366882007
813,davidson v seton-hall,0.36095833226706237
814,davidson v providence,0.326849297082468
815,davidson v ohio-state,0.3349233786188442
816,davidson v marquette,0.44555417069161385
817,davidson v southern-california,0.3298008059025014
818,davidson v michigan,0.36635290795150105
819,davidson v san-diego-state,0.4418968475566929
820,davidson v notre-dame,0.441822667582605
821,davidson v texas,0.2829571627343125
822,davidson v texas-christian,0.4404777698404931
823,davidson v miami-fl,0.5071112442496939
824,davidson v richmond,0.6379370545544856
825,davidson v murray-state,0.5003594950407682
826,davidson v iowa-state,0.6006564994376249
827,davidson v yale,0.7949329671801768
828,davidson v wright-state,0.6534201740279132
829,davidson v vermont,0.5663315137088811
830,davidson v south-dakota-state,0.6577185655922991
831,davidson v new-mexico-state,0.842063545789348
832,davidson v delaware,0.8855491767316189
833,davidson v saint-peters,0.9304586074889765
834,davidson v montana-state,0.8417881915377674
835,davidson v texas-southern,0.9667942283655593
836,davidson v georgia-state,0.9737686912340539
837,davidson v jacksonville-state,0.9256182643589823
838,davidson v longwood,0.8965130906409053
839,davidson v norfolk-state,0.9730729115551656
840,delaware v gonzaga,0.03200484153899151
841,delaware v houston,0.010115318486950822
842,delaware v kentucky,0.02390072128999088
843,delaware v duke,0.0302284301485182
844,delaware v ucla,0.02928954412681705
845,delaware v villanova,0.023327024135420094
846,delaware v texas-tech,0.034396805494767244
847,delaware v purdue,0.03666561426046667
848,delaware v virginia-tech,0.03177308919625987
849,delaware v loyola-il,0.0413703459256268
850,delaware v iowa,0.06535716192734457
851,delaware v tennessee,0.058167378603035766
852,delaware v saint-marys-ca,0.0516433367804749
853,delaware v kansas,0.09265034042083883
854,delaware v providence,0.07876956634159758
855,delaware v wisconsin,0.08704839132684053
856,delaware v illinois,0.08276286908190147
857,delaware v texas,0.05191098345320176
858,delaware v indiana,0.09574812808593265
859,delaware v southern-california,0.08423212424559223
860,delaware v louisiana-state,0.1776324001267095
861,delaware v ohio-state,0.10239195904955448
862,delaware v san-diego-state,0.15268450065471242
863,delaware v seton-hall,0.16586910108703878
864,delaware v notre-dame,0.14197462399049626
865,delaware v san-francisco,0.18179533291114863
866,delaware v texas-christian,0.1357682410112207
867,delaware v michigan-state,0.15782855859926787
868,delaware v murray-state,0.1524303657469818
869,delaware v memphis,0.23061186448077736
870,delaware v north-carolina,0.2016121481021399
871,delaware v michigan,0.170917243156202
872,delaware v vermont,0.14834004323382596
873,delaware v miami-fl,0.24137849080305468
874,delaware v richmond,0.3086258838474901
875,delaware v iowa-state,0.2522195245655286
876,delaware v marquette,0.3331629414094151
877,delaware v wright-state,0.28752230841683707
878,delaware v yale,0.5295432915483027
879,delaware v new-mexico-state,0.496762181598049
880,delaware v saint-peters,0.600405122907862
881,delaware v texas-southern,0.7160353516498295
882,delaware v longwood,0.5229889413080813
883,delaware v georgia-state,0.7904170382699225
884,delaware v south-dakota-state,0.5036348428814893
885,delaware v jacksonville-state,0.5848160144611083
886,delaware v montana-state,0.5611315870645199
887,delaware v norfolk-state,0.7277903917716311
888,duke v gonzaga,0.314958754973356
889,duke v tennessee,0.3457063911961896
890,duke v ucla,0.3865072792457797
891,duke v kansas,0.3685963559234622
892,duke v villanova,0.3864253031070577
893,duke v kentucky,0.40797465479082934
894,duke v houston,0.47456799693195306
895,duke v illinois,0.48680350891316915
896,duke v wisconsin,0.49836807026336416
897,duke v loyola-il,0.569815389016518
898,duke v louisiana-state,0.5602303984067747
899,duke v michigan-state,0.5112695792838033
900,duke v saint-marys-ca,0.5507962970073534
901,duke v memphis,0.5270639684654048
902,duke v iowa,0.5282795291328652
903,duke v north-carolina,0.5238534052362276
904,duke v san-francisco,0.5939064871332194
905,duke v seton-hall,0.6009425011511336
906,duke v texas-tech,0.5346774217096055
907,duke v marquette,0.5906828875385316
908,duke v virginia-tech,0.6004016779755319
909,duke v purdue,0.5933867641372117
910,duke v michigan,0.5916441768603009
911,duke v providence,0.6760928806944718
912,duke v san-diego-state,0.6458537268197009
913,duke v ohio-state,0.6479808288486012
914,duke v notre-dame,0.7030514664487161
915,duke v indiana,0.642453244715727
916,duke v miami-fl,0.7723027043795836
917,duke v southern-california,0.7396966631759813
918,duke v richmond,0.8093585453133342
919,duke v texas-christian,0.7345989040709376
920,duke v texas,0.6724020628638632
921,duke v murray-state,0.8460347984090226
922,duke v yale,0.8790262388128285
923,duke v iowa-state,0.8201363044979416
924,duke v wright-state,0.8583870351205061
925,duke v new-mexico-state,0.9339177903200142
926,duke v vermont,0.9157236544652594
927,duke v saint-peters,0.9510843747818727
928,duke v texas-southern,0.960791604384208
929,duke v south-dakota-state,0.902819627753277
930,duke v georgia-state,0.9788053501939094
931,duke v montana-state,0.9634523691941229
932,duke v jacksonville-state,0.9868077663009525
933,duke v norfolk-state,0.9963037083361319
934,duke v longwood,0.9938837550173756
935,georgia-state v gonzaga,0.04051455806657056
936,georgia-state v houston,0.0022848562859372236
937,georgia-state v kentucky,0.016930442540867577
938,georgia-state v loyola-il,0.0119988447684449
939,georgia-state v ucla,0.012483041886792046
940,georgia-state v villanova,0.007099216444588667
941,georgia-state v virginia-tech,0.010743018175797626
942,georgia-state v saint-marys-ca,0.016702589671993694
943,georgia-state v vermont,0.01897615080289171
944,georgia-state v murray-state,0.03772210729427962
945,georgia-state v purdue,0.017952665331807227
946,georgia-state v texas-tech,0.024876554227874267
947,georgia-state v providence,0.03006189002760292
948,georgia-state v tennessee,0.0387399943970399
949,georgia-state v iowa,0.05519333451679306
950,georgia-state v kansas,0.07160057443118097
951,georgia-state v southern-california,0.03256738641604204
952,georgia-state v wisconsin,0.05115059835500118
953,georgia-state v illinois,0.04858495789975477
954,georgia-state v san-diego-state,0.09060117372641809
955,georgia-state v texas,0.024140720906430792
956,georgia-state v ohio-state,0.03999410243464699
957,georgia-state v san-francisco,0.1176926574836112
958,georgia-state v notre-dame,0.061472753634415025
959,georgia-state v wright-state,0.07257364115603647
960,georgia-state v indiana,0.06753994373397075
961,georgia-state v louisiana-state,0.14851796919250618
962,georgia-state v seton-hall,0.10969845667787183
963,georgia-state v memphis,0.18757681352815733
964,georgia-state v michigan-state,0.103813114687371
965,georgia-state v miami-fl,0.12918500557793863
966,georgia-state v richmond,0.1703641359175069
967,georgia-state v texas-christian,0.08129233593920655
968,georgia-state v michigan,0.08460523401728083
969,georgia-state v north-carolina,0.15813164452087322
970,georgia-state v new-mexico-state,0.2070081720695936
971,georgia-state v yale,0.37515561061543157
972,georgia-state v texas-southern,0.4722160438954859
973,georgia-state v marquette,0.27310656559047575
974,georgia-state v saint-peters,0.3690972216947729
975,georgia-state v iowa-state,0.17325227553421446
976,georgia-state v longwood,0.16597362676313782
977,georgia-state v jacksonville-state,0.1968173447086658
978,georgia-state v norfolk-state,0.3509083146879505
979,georgia-state v south-dakota-state,0.24934277913523017
980,georgia-state v montana-state,0.25852478577839844
981,gonzaga v kansas,0.4388566560875229
982,gonzaga v tennessee,0.4525902669909855
983,gonzaga v ucla,0.5209992527713794
984,gonzaga v memphis,0.5664657222241972
985,gonzaga v villanova,0.5208164147386698
986,gonzaga v north-carolina,0.5631915247897157
987,gonzaga v marquette,0.6050076205303812
988,gonzaga v kentucky,0.5889780339809434
989,gonzaga v michigan-state,0.5777013031817732
990,gonzaga v illinois,0.5993938996103931
991,gonzaga v wisconsin,0.6170849220088046
992,gonzaga v san-francisco,0.6703292390878081
993,gonzaga v louisiana-state,0.686851984471077
994,gonzaga v seton-hall,0.7053985080117715
995,gonzaga v houston,0.7034229570554227
996,gonzaga v loyola-il,0.7302431535514663
997,gonzaga v iowa,0.6811793801660315
998,gonzaga v saint-marys-ca,0.7146804110949345
999,gonzaga v michigan,0.6547711700107031
1000,gonzaga v notre-dame,0.7664178929630767
1001,gonzaga v san-diego-state,0.7935581666529783
1002,gonzaga v ohio-state,0.7517445400809257
1003,gonzaga v miami-fl,0.8037401014249212
1004,gonzaga v providence,0.800208789610794
1005,gonzaga v richmond,0.8305232186257154
1006,gonzaga v virginia-tech,0.7655610170347161
1007,gonzaga v texas-tech,0.7579604458504989
1008,gonzaga v purdue,0.7672475600160182
1009,gonzaga v yale,0.8766846087698783
1010,gonzaga v indiana,0.8124911478241794
1011,gonzaga v wright-state,0.8751763294710702
1012,gonzaga v murray-state,0.9140495629182941
1013,gonzaga v texas-southern,0.9272304149168974
1014,gonzaga v texas-christian,0.8585333616314204
1015,gonzaga v southern-california,0.8857825669744892
1016,gonzaga v new-mexico-state,0.9346960571598214
1017,gonzaga v saint-peters,0.9563256378033047
1018,gonzaga v iowa-state,0.9255913715133877
1019,gonzaga v texas,0.8592032933905311
1020,gonzaga v south-dakota-state,0.9399593859221239
1021,gonzaga v vermont,0.9709730237230643
1022,gonzaga v montana-state,0.9831048156242863
1023,gonzaga v jacksonville-state,0.9918237956427891
1024,gonzaga v norfolk-state,0.9960668050169081
1025,gonzaga v longwood,0.9980856234518318
1026,houston v kentucky,0.45548377189621336
1027,houston v kansas,0.45344962646946346
1028,houston v tennessee,0.4625587699654843
1029,houston v ucla,0.48736180083090713
1030,houston v iowa,0.5437542682302972
1031,houston v villanova,0.5006854822227105
1032,houston v illinois,0.5878386834263643
1033,houston v louisiana-state,0.6638059021581975
1034,houston v wisconsin,0.6156676215312739
1035,houston v michigan-state,0.6410303369481749
1036,houston v north-carolina,0.6353868402138827
1037,houston v purdue,0.6218529931762509
1038,houston v texas-tech,0.614353507848565
1039,houston v memphis,0.6643275370595839
1040,houston v san-francisco,0.6817593405975143
1041,houston v loyola-il,0.64750498516592
1042,houston v seton-hall,0.7194829564929088
1043,houston v saint-marys-ca,0.6583075121117068
1044,houston v marquette,0.7399091993649576
1045,houston v indiana,0.7212129492123358
1046,houston v michigan,0.7083153928346622
1047,houston v ohio-state,0.7265623918203971
1048,houston v virginia-tech,0.6850271372215282
1049,houston v providence,0.7458525349789125
1050,houston v san-diego-state,0.7834039378685842
1051,houston v southern-california,0.7649245739898216
1052,houston v notre-dame,0.8128863833812732
1053,houston v miami-fl,0.8480240354816522
1054,houston v texas-christian,0.8441445112311408
1055,houston v texas,0.7222754120695156
1056,houston v richmond,0.9064988875292357
1057,houston v murray-state,0.8360295228293837
1058,houston v iowa-state,0.9149753222419695
1059,houston v yale,0.9581625465229615
1060,houston v wright-state,0.8981726924042643
1061,houston v south-dakota-state,0.8690051277833521
1062,houston v vermont,0.8668830998628962
1063,houston v new-mexico-state,0.9705396611601416
1064,houston v saint-peters,0.9912350342010539
1065,houston v montana-state,0.9649778594709524
1066,houston v texas-southern,0.9960672305555056
1067,houston v jacksonville-state,0.9918912663317555
1068,houston v longwood,0.9909095159818527
1069,houston v norfolk-state,0.9983502111826033
1070,illinois v villanova,0.3783378869524482
1071,illinois v ucla,0.4060642936936894
1072,illinois v tennessee,0.40118879474659824
1073,illinois v kansas,0.4535664770433325
1074,illinois v kentucky,0.4433670714975092
1075,illinois v saint-marys-ca,0.48562343740531416
1076,illinois v wisconsin,0.5031485185605055
1077,illinois v loyola-il,0.5148685794203616
1078,illinois v louisiana-state,0.5610210073913527
1079,illinois v michigan-state,0.5524076917494427
1080,illinois v san-francisco,0.6004577567008589
1081,illinois v seton-hall,0.5906531926340283
1082,illinois v ohio-state,0.601507609024019
1083,illinois v michigan,0.5949198909731113
1084,illinois v virginia-tech,0.5494650675956143
1085,illinois v purdue,0.546789543126152
1086,illinois v memphis,0.6098730061686803
1087,illinois v providence,0.6140540619372876
1088,illinois v iowa,0.5551040372977339
1089,illinois v north-carolina,0.5987730443422041
1090,illinois v san-diego-state,0.590485317307618
1091,illinois v texas-tech,0.5224773900566861
1092,illinois v marquette,0.6601662019103935
1093,illinois v notre-dame,0.67985026497947
1094,illinois v indiana,0.595491522311248
1095,illinois v southern-california,0.6471760835410199
1096,illinois v miami-fl,0.7448824247293272
1097,illinois v murray-state,0.7615713170366787
1098,illinois v richmond,0.7814266114321256
1099,illinois v texas-christian,0.6900277159604369
1100,illinois v texas,0.586462063835713
1101,illinois v wright-state,0.7301998620730044
1102,illinois v yale,0.8330835825238327
1103,illinois v iowa-state,0.7491711195994559
1104,illinois v new-mexico-state,0.8719384894259301
1105,illinois v vermont,0.8223646360489918
1106,illinois v saint-peters,0.9066138294533115
1107,illinois v south-dakota-state,0.8603216128716595
1108,illinois v texas-southern,0.9439735097403736
1109,illinois v montana-state,0.8720785151160831
1110,illinois v jacksonville-state,0.9388646888397254
1111,illinois v longwood,0.9518751928227773
1112,illinois v norfolk-state,0.9711419090356341
1113,indiana v ucla,0.29178743664425144
1114,indiana v kentucky,0.27821982763320957
1115,indiana v villanova,0.3010027797487077
1116,indiana v tennessee,0.2880995847644835
1117,indiana v loyola-il,0.3976338520153585
1118,indiana v kansas,0.3195285289062343
1119,indiana v saint-marys-ca,0.41054982682232827
1120,indiana v wisconsin,0.416761220969476
1121,indiana v texas-tech,0.36790270242450096
1122,indiana v virginia-tech,0.446424077189525
1123,indiana v louisiana-state,0.44866869879480964
1124,indiana v iowa,0.40829297646300067
1125,indiana v san-francisco,0.48687765693888896
1126,indiana v providence,0.5285447952189614
1127,indiana v memphis,0.4658334859972435
1128,indiana v purdue,0.45842474338275063
1129,indiana v seton-hall,0.5011060986037859
1130,indiana v san-diego-state,0.5010680228830884
1131,indiana v michigan-state,0.4659275934678908
1132,indiana v murray-state,0.6488604575215813
1133,indiana v north-carolina,0.483744606413364
1134,indiana v southern-california,0.5428599603609021
1135,indiana v notre-dame,0.6048490594965341
1136,indiana v ohio-state,0.5597387750485094
1137,indiana v marquette,0.5493139241252915
1138,indiana v michigan,0.5438207258637213
1139,indiana v texas,0.48429906183245736
1140,indiana v vermont,0.704457272762973
1141,indiana v texas-christian,0.594899987219149
1142,indiana v richmond,0.721347820213213
1143,indiana v miami-fl,0.6954564413275444
1144,indiana v wright-state,0.6686103371497668
1145,indiana v yale,0.7764697349375881
1146,indiana v iowa-state,0.6793641760365838
1147,indiana v new-mexico-state,0.8454611820355015
1148,indiana v saint-peters,0.8535526001185179
1149,indiana v texas-southern,0.8782431919800954
1150,indiana v south-dakota-state,0.8145498739637336
1151,indiana v montana-state,0.8711112703345545
1152,indiana v jacksonville-state,0.9363658821776287
1153,indiana v longwood,0.9434873233391325
1154,indiana v norfolk-state,0.9613264206859191
1155,iowa v tennessee,0.316753079753484
1156,iowa v ucla,0.3565957907579195
1157,iowa v villanova,0.35287615507227127
1158,iowa v kansas,0.34741690754982835
1159,iowa v kentucky,0.38526591556494283
1160,iowa v wisconsin,0.452855305308711
1161,iowa v loyola-il,0.5347820958749997
1162,iowa v saint-marys-ca,0.5058789975370437
1163,iowa v memphis,0.4788251485334535
1164,iowa v michigan-state,0.46739659104531855
1165,iowa v louisiana-state,0.5109969082142273
1166,iowa v north-carolina,0.4784535882601323
1167,iowa v san-francisco,0.5500421748043589
1168,iowa v seton-hall,0.5462352191981457
1169,iowa v marquette,0.5321457391750646
1170,iowa v virginia-tech,0.554548543054637
1171,iowa v texas-tech,0.49407618342059356
1172,iowa v providence,0.62944815532041
1173,iowa v san-diego-state,0.5906169013942038
1174,iowa v michigan,0.5502653396197819
1175,iowa v notre-dame,0.6428586617987699
1176,iowa v purdue,0.5598712214061119
1177,iowa v ohio-state,0.6094048815482436
1178,iowa v richmond,0.7442938946551272
1179,iowa v miami-fl,0.7157040947499231
1180,iowa v southern-california,0.7009734589659048
1181,iowa v murray-state,0.8207049517156948
1182,iowa v texas-christian,0.6646478698028999
1183,iowa v yale,0.8077838256990857
1184,iowa v texas,0.6266515109479993
1185,iowa v wright-state,0.7749310017662008
1186,iowa v new-mexico-state,0.8912091357925794
1187,iowa v iowa-state,0.7478651456899552
1188,iowa v texas-southern,0.9056011543669436
1189,iowa v saint-peters,0.9046411150221682
1190,iowa v vermont,0.8994817727646716
1191,iowa v south-dakota-state,0.8873369203432651
1192,iowa v montana-state,0.9348928673023897
1193,iowa v jacksonville-state,0.9703555313356387
1194,iowa v norfolk-state,0.9857364801694091
1195,iowa v longwood,0.9850151108585108
1196,iowa-state v kentucky,0.12894547480900645
1197,iowa-state v ucla,0.13815545176534544
1198,iowa-state v loyola-il,0.16826443340466873
1199,iowa-state v villanova,0.14331752927450755
1200,iowa-state v tennessee,0.16772249477600118
1201,iowa-state v saint-marys-ca,0.1994351737782007
1202,iowa-state v texas-tech,0.18912965628747808
1203,iowa-state v kansas,0.2036175168275533
1204,iowa-state v murray-state,0.32066330310044966
1205,iowa-state v virginia-tech,0.2220445893553964
1206,iowa-state v providence,0.2915501770796275
1207,iowa-state v vermont,0.3196708430705134
1208,iowa-state v wisconsin,0.25653182131976976
1209,iowa-state v southern-california,0.2875968722225367
1210,iowa-state v purdue,0.2571670555045895
1211,iowa-state v louisiana-state,0.29682527242472323
1212,iowa-state v san-francisco,0.3156045188877443
1213,iowa-state v san-diego-state,0.2932315591807189
1214,iowa-state v texas,0.2613371782255389
1215,iowa-state v seton-hall,0.33415485099490927
1216,iowa-state v memphis,0.3381568686898668
1217,iowa-state v michigan-state,0.3349380234555891
1218,iowa-state v notre-dame,0.3969296951892175
1219,iowa-state v ohio-state,0.3601908095619305
1220,iowa-state v north-carolina,0.3675201885336056
1221,iowa-state v wright-state,0.4193406894502323
1222,iowa-state v texas-christian,0.401775031140045
1223,iowa-state v michigan,0.3921231623759695
1224,iowa-state v marquette,0.4410063288917468
1225,iowa-state v richmond,0.5364388259585551
1226,iowa-state v miami-fl,0.5216290131052528
1227,iowa-state v new-mexico-state,0.6495949563585348
1228,iowa-state v yale,0.6144256047065619
1229,iowa-state v saint-peters,0.6569931939040212
1230,iowa-state v texas-southern,0.7168663937703625
1231,iowa-state v longwood,0.7677656056270055
1232,iowa-state v montana-state,0.6931707602472359
1233,iowa-state v jacksonville-state,0.779445493964579
1234,iowa-state v norfolk-state,0.8412853708702235
1235,iowa-state v south-dakota-state,0.646662714625589
1236,jacksonville-state v kentucky,0.010561497634908809
1237,jacksonville-state v ucla,0.02163207568778752
1238,jacksonville-state v villanova,0.022062965877868407
1239,jacksonville-state v texas-tech,0.023922810099783733
1240,jacksonville-state v purdue,0.024277215682994294
1241,jacksonville-state v loyola-il,0.031092768294464838
1242,jacksonville-state v virginia-tech,0.0290974855879566
1243,jacksonville-state v tennessee,0.04446309370465586
1244,jacksonville-state v kansas,0.06301062733044935
1245,jacksonville-state v saint-marys-ca,0.04750780999966824
1246,jacksonville-state v wisconsin,0.06599186233138787
1247,jacksonville-state v providence,0.05622075826726228
1248,jacksonville-state v southern-california,0.06548452981795577
1249,jacksonville-state v texas,0.06379160408332872
1250,jacksonville-state v ohio-state,0.07612209019066227
1251,jacksonville-state v louisiana-state,0.1312864630355331
1252,jacksonville-state v san-francisco,0.13087059984182
1253,jacksonville-state v san-diego-state,0.13176121091214604
1254,jacksonville-state v seton-hall,0.12934203506204664
1255,jacksonville-state v michigan-state,0.12726575148389457
1256,jacksonville-state v notre-dame,0.11211102135262642
1257,jacksonville-state v memphis,0.1930085523101578
1258,jacksonville-state v north-carolina,0.1581515537306551
1259,jacksonville-state v texas-christian,0.11786703734438408
1260,jacksonville-state v murray-state,0.11667187778060209
1261,jacksonville-state v michigan,0.14030720577547706
1262,jacksonville-state v miami-fl,0.17439012455204833
1263,jacksonville-state v vermont,0.1351975815967018
1264,jacksonville-state v marquette,0.29516150319770523
1265,jacksonville-state v richmond,0.2586161106664489
1266,jacksonville-state v wright-state,0.24575140987480437
1267,jacksonville-state v yale,0.5091034961465551
1268,jacksonville-state v new-mexico-state,0.43599721221227616
1269,jacksonville-state v saint-peters,0.6203788796249579
1270,jacksonville-state v texas-southern,0.7614480675513373
1271,jacksonville-state v south-dakota-state,0.3989725298934265
1272,jacksonville-state v longwood,0.43894668562008093
1273,jacksonville-state v montana-state,0.48788983520584955
1274,jacksonville-state v norfolk-state,0.6489298942237915
1275,kansas v villanova,0.42629979182061817
1276,kansas v tennessee,0.45411632585679007
1277,kansas v ucla,0.4710866213710351
1278,kansas v wisconsin,0.5479417001619407
1279,kansas v saint-marys-ca,0.5532481905687274
1280,kansas v michigan-state,0.5678357830712377
1281,kansas v loyola-il,0.6013096749763894
1282,kansas v san-francisco,0.6368683052272284
1283,kansas v michigan,0.5950822764792381
1284,kansas v memphis,0.6300444499535162
1285,kansas v louisiana-state,0.6232822388657117
1286,kansas v north-carolina,0.6148694593838111
1287,kansas v seton-hall,0.6301434738547069
1288,kansas v kentucky,0.5600675289989214
1289,kansas v ohio-state,0.6290849173304738
1290,kansas v marquette,0.6536926475748472
1291,kansas v san-diego-state,0.6574285646323899
1292,kansas v notre-dame,0.6940663029937038
1293,kansas v providence,0.6755346883114914
1294,kansas v miami-fl,0.7409838099536916
1295,kansas v virginia-tech,0.6291297555393255
1296,kansas v purdue,0.6370230725977343
1297,kansas v richmond,0.7751671883065181
1298,kansas v murray-state,0.8290137041138963
1299,kansas v wright-state,0.7323993991023512
1300,kansas v texas-tech,0.6457357102736017
1301,kansas v southern-california,0.7432259549758966
1302,kansas v new-mexico-state,0.8577301965979064
1303,kansas v yale,0.8308353084122303
1304,kansas v texas-christian,0.7408028361349825
1305,kansas v texas,0.6777825213096413
1306,kansas v south-dakota-state,0.8749478792083227
1307,kansas v saint-peters,0.9160745716735408
1308,kansas v vermont,0.9003741450726042
1309,kansas v texas-southern,0.9374782807383841
1310,kansas v montana-state,0.8932550297414473
1311,kansas v norfolk-state,0.9785237695008212
1312,kansas v longwood,0.970824648003479
1313,kentucky v tennessee,0.4196236156418993
1314,kentucky v ucla,0.458742420457106
1315,kentucky v villanova,0.44957194184234
1316,kentucky v wisconsin,0.5701983583802072
1317,kentucky v saint-marys-ca,0.6122231344257174
1318,kentucky v louisiana-state,0.6336773287631559
1319,kentucky v loyola-il,0.6338393505489789
1320,kentucky v michigan-state,0.5808175767791643
1321,kentucky v memphis,0.6050945862938053
1322,kentucky v san-francisco,0.6564575435887625
1323,kentucky v north-carolina,0.5977303478806335
1324,kentucky v seton-hall,0.6681961474770521
1325,kentucky v marquette,0.6626634226606083
1326,kentucky v michigan,0.6462331355435182
1327,kentucky v purdue,0.6632931546625207
1328,kentucky v virginia-tech,0.67280777422677
1329,kentucky v texas-tech,0.6322821141274055
1330,kentucky v providence,0.7313511198767719
1331,kentucky v ohio-state,0.6991364016934701
1332,kentucky v san-diego-state,0.7146099509798212
1333,kentucky v notre-dame,0.7580933063347934
1334,kentucky v miami-fl,0.8145592139740211
1335,kentucky v southern-california,0.7900862767676864
1336,kentucky v richmond,0.8497094440066106
1337,kentucky v murray-state,0.8690101371392356
1338,kentucky v texas-christian,0.7993701039748303
1339,kentucky v texas,0.7343141624762443
1340,kentucky v yale,0.911663493362724
1341,kentucky v wright-state,0.8780627368965215
1342,kentucky v new-mexico-state,0.9425928968089263
1343,kentucky v vermont,0.9312212602878522
1344,kentucky v saint-peters,0.9666971275686722
1345,kentucky v south-dakota-state,0.9129922249489425
1346,kentucky v texas-southern,0.9761548633070467
1347,kentucky v montana-state,0.969523461482402
1348,kentucky v norfolk-state,0.9975047310623533
1349,kentucky v longwood,0.9953643468031788
1350,longwood v texas-tech,0.014346541521127609
1351,longwood v ucla,0.01777260803109675
1352,longwood v purdue,0.02247591107748122
1353,longwood v tennessee,0.027143814945270444
1354,longwood v villanova,0.027086360536203242
1355,longwood v virginia-tech,0.032419992793249655
1356,longwood v loyola-il,0.03533347963412649
1357,longwood v wisconsin,0.05144200433496
1358,longwood v providence,0.05823230332692042
1359,longwood v saint-marys-ca,0.05974497052061787
1360,longwood v louisiana-state,0.09798093645339151
1361,longwood v southern-california,0.07027674740156986
1362,longwood v texas,0.06706321174315628
1363,longwood v north-carolina,0.08811872218297441
1364,longwood v memphis,0.10009118244007678
1365,longwood v san-francisco,0.09406342803671537
1366,longwood v seton-hall,0.10348103906495855
1367,longwood v michigan-state,0.09269446785405959
1368,longwood v texas-christian,0.10594808627431346
1369,longwood v ohio-state,0.09679673749130036
1370,longwood v notre-dame,0.10240525317382569
1371,longwood v san-diego-state,0.12415600746575932
1372,longwood v marquette,0.17984477111258862
1373,longwood v miami-fl,0.15018847457848583
1374,longwood v murray-state,0.14002596010319887
1375,longwood v michigan,0.14770725162053547
1376,longwood v richmond,0.212556763271285
1377,longwood v vermont,0.1782680673482373
1378,longwood v yale,0.4904740000984811
1379,longwood v wright-state,0.2723541250028172
1380,longwood v texas-southern,0.7049764660993608
1381,longwood v saint-peters,0.6341255522254972
1382,longwood v new-mexico-state,0.45530394083415515
1383,longwood v south-dakota-state,0.412183231608496
1384,longwood v montana-state,0.545532244392307
1385,longwood v norfolk-state,0.7286039910889777
1386,louisiana-state v ucla,0.3349330032628638
1387,louisiana-state v villanova,0.3209421119189025
1388,louisiana-state v tennessee,0.33826760484177876
1389,louisiana-state v loyola-il,0.42265340313300503
1390,louisiana-state v saint-marys-ca,0.4224926448180718
1391,louisiana-state v wisconsin,0.4431638856698177
1392,louisiana-state v san-francisco,0.5060582595000838
1393,louisiana-state v memphis,0.5021923702178048
1394,louisiana-state v providence,0.5353668271087701
1395,louisiana-state v michigan-state,0.4870652943342796
1396,louisiana-state v seton-hall,0.523019156246362
1397,louisiana-state v san-diego-state,0.5201806841168999
1398,louisiana-state v murray-state,0.630925263678324
1399,louisiana-state v virginia-tech,0.472481764877829
1400,louisiana-state v north-carolina,0.5120482310033813
1401,louisiana-state v notre-dame,0.5842963039889368
1402,louisiana-state v marquette,0.5671885906678402
1403,louisiana-state v ohio-state,0.5543642569644749
1404,louisiana-state v texas-tech,0.4598444613627851
1405,louisiana-state v purdue,0.5032495945736289
1406,louisiana-state v michigan,0.5418097362710649
1407,louisiana-state v wright-state,0.5410643618802098
1408,louisiana-state v southern-california,0.5764428609742023
1409,louisiana-state v richmond,0.6772815389668096
1410,louisiana-state v miami-fl,0.6635354418010407
1411,louisiana-state v vermont,0.6832755358948444
1412,louisiana-state v new-mexico-state,0.7599371140868165
1413,louisiana-state v yale,0.7143967714652333
1414,louisiana-state v texas-christian,0.6247845337721236
1415,louisiana-state v texas,0.5365650115518835
1416,louisiana-state v texas-southern,0.7977564034612916
1417,louisiana-state v saint-peters,0.7967542926296178
1418,louisiana-state v south-dakota-state,0.8031796454784376
1419,louisiana-state v montana-state,0.8088519722774135
1420,louisiana-state v norfolk-state,0.9126411393897035
1421,loyola-il v tennessee,0.385527261486566
1422,loyola-il v ucla,0.37680482829795336
1423,loyola-il v villanova,0.3653036857890862
1424,loyola-il v wisconsin,0.5085155421225735
1425,loyola-il v purdue,0.48835161038481056
1426,loyola-il v michigan-state,0.5524229838359547
1427,loyola-il v saint-marys-ca,0.5082218368250133
1428,loyola-il v san-francisco,0.5887085374733646
1429,loyola-il v north-carolina,0.5762825740696597
1430,loyola-il v memphis,0.6040763253947643
1431,loyola-il v texas-tech,0.4994810868959084
1432,loyola-il v ohio-state,0.5883055995980789
1433,loyola-il v seton-hall,0.6164409031604284
1434,loyola-il v michigan,0.595069212655454
1435,loyola-il v virginia-tech,0.5311165347929931
1436,loyola-il v providence,0.6096741712196658
1437,loyola-il v marquette,0.6757239503735877
1438,loyola-il v san-diego-state,0.664247543376649
1439,loyola-il v notre-dame,0.6983224060310715
1440,loyola-il v southern-california,0.6301302294532444
1441,loyola-il v miami-fl,0.7503598462225076
1442,loyola-il v texas,0.575280519585171
1443,loyola-il v texas-christian,0.7355694266688052
1444,loyola-il v richmond,0.8241982872188087
1445,loyola-il v murray-state,0.7296871266237643
1446,loyola-il v yale,0.907762290337772
1447,loyola-il v wright-state,0.8011121361037106
1448,loyola-il v vermont,0.774460344552719
1449,loyola-il v south-dakota-state,0.8222467546490079
1450,loyola-il v new-mexico-state,0.9196289612904607
1451,loyola-il v saint-peters,0.9697362585019051
1452,loyola-il v montana-state,0.9146803347721748
1453,loyola-il v texas-southern,0.9869707510815904
1454,loyola-il v norfolk-state,0.9913690876894703
1455,marquette v villanova,0.19817059980250376
1456,marquette v ucla,0.2525080676470785
1457,marquette v tennessee,0.27621020259536755
1458,marquette v saint-marys-ca,0.2846458226696566
1459,marquette v wisconsin,0.33633319392975464
1460,marquette v ohio-state,0.37933206212044623
1461,marquette v michigan-state,0.38423470750612143
1462,marquette v san-francisco,0.44551574077404626
1463,marquette v michigan,0.3825735246413784
1464,marquette v san-diego-state,0.3998804793628166
1465,marquette v notre-dame,0.44113070654087105
1466,marquette v providence,0.4059560743698531
1467,marquette v virginia-tech,0.33362872877727434
1468,marquette v seton-hall,0.41631958047941464
1469,marquette v memphis,0.47133711032731385
1470,marquette v murray-state,0.5799750155244425
1471,marquette v north-carolina,0.46483377611463195
1472,marquette v wright-state,0.42778234088684786
1473,marquette v richmond,0.5452472800067395
1474,marquette v miami-fl,0.5268406340630679
1475,marquette v purdue,0.3882995997341655
1476,marquette v new-mexico-state,0.6160115083122844
1477,marquette v southern-california,0.4758095216087401
1478,marquette v yale,0.6196947715386271
1479,marquette v texas-tech,0.40766196997494153
1480,marquette v vermont,0.6404241787859262
1481,marquette v saint-peters,0.6906430919183508
1482,marquette v texas-southern,0.7373594024243406
1483,marquette v texas-christian,0.48655368825166506
1484,marquette v texas,0.41745873870024447
1485,marquette v south-dakota-state,0.7411234420320494
1486,marquette v montana-state,0.6898466125524026
1487,marquette v norfolk-state,0.8341873625867616
1488,memphis v villanova,0.24224629869815745
1489,memphis v ucla,0.2969941640438706
1490,memphis v tennessee,0.3130526444139594
1491,memphis v saint-marys-ca,0.3577462601361615
1492,memphis v wisconsin,0.38983180371096476
1493,memphis v michigan-state,0.42162954542651604
1494,memphis v san-francisco,0.49291626447103054
1495,memphis v michigan,0.4244273618499459
1496,memphis v ohio-state,0.43930092760690626
1497,memphis v notre-dame,0.5031898391608376
1498,memphis v seton-hall,0.4797009112942992
1499,memphis v north-carolina,0.48999122823867924
1500,memphis v san-diego-state,0.4879653663145169
1501,memphis v providence,0.4854261008681673
1502,memphis v virginia-tech,0.4134723578569767
1503,memphis v miami-fl,0.5809641857036223
1504,memphis v richmond,0.6096071673460459
1505,memphis v purdue,0.4613106262107231
1506,memphis v murray-state,0.6627566766517118
1507,memphis v wright-state,0.5305656243983907
1508,memphis v new-mexico-state,0.702133096211863
1509,memphis v yale,0.699201068899092
1510,memphis v texas-tech,0.4912217322023595
1511,memphis v southern-california,0.574420903050876
1512,memphis v texas-christian,0.5773328214417265
1513,memphis v texas-southern,0.809654602179031
1514,memphis v vermont,0.7421603885918633
1515,memphis v saint-peters,0.7888677014890376
1516,memphis v texas,0.5074443795708418
1517,memphis v south-dakota-state,0.7781161334219793
1518,memphis v montana-state,0.7824937659038176
1519,memphis v norfolk-state,0.9157838341086588
1520,miami-fl v villanova,0.1438100843741788
1521,miami-fl v ucla,0.17673541915431668
1522,miami-fl v tennessee,0.19666764239448675
1523,miami-fl v saint-marys-ca,0.2217874293194149
1524,miami-fl v wisconsin,0.25797548681274374
1525,miami-fl v virginia-tech,0.23017391073240118
1526,miami-fl v purdue,0.23618516290015548
1527,miami-fl v michigan-state,0.32457370798315077
1528,miami-fl v ohio-state,0.31438784221820704
1529,miami-fl v providence,0.3240377594428572
1530,miami-fl v seton-hall,0.3486504894078822
1531,miami-fl v michigan,0.3451803179359011
1532,miami-fl v san-francisco,0.3910079903837062
1533,miami-fl v texas-tech,0.23105470451060922
1534,miami-fl v san-diego-state,0.3410481270755856
1535,miami-fl v north-carolina,0.39137152186158813
1536,miami-fl v notre-dame,0.40725429992301254
1537,miami-fl v southern-california,0.3540149825755879
1538,miami-fl v richmond,0.5593156645191584
1539,miami-fl v texas,0.2846412434649841
1540,miami-fl v murray-state,0.5429498350354516
1541,miami-fl v texas-christian,0.38805655468102895
1542,miami-fl v yale,0.6742299074515633
1543,miami-fl v wright-state,0.5484837558770894
1544,miami-fl v vermont,0.6083998150479586
1545,miami-fl v new-mexico-state,0.717461169984277
1546,miami-fl v saint-peters,0.7790164597176276
1547,miami-fl v south-dakota-state,0.7432110192501316
1548,miami-fl v texas-southern,0.8730947603083925
1549,miami-fl v montana-state,0.7526051006118377
1550,miami-fl v norfolk-state,0.9127732927678748
1551,michigan v villanova,0.2900193028899434
1552,michigan v ucla,0.32930782052106017
1553,michigan v tennessee,0.3411380889594786
1554,michigan v saint-marys-ca,0.364470468039488
1555,michigan v wisconsin,0.41038255753799957
1556,michigan v ohio-state,0.47530496826644175
1557,michigan v michigan-state,0.47964084896894743
1558,michigan v virginia-tech,0.4218870471044179
1559,michigan v purdue,0.40408174180890316
1560,michigan v san-francisco,0.5211687484227293
1561,michigan v seton-hall,0.4903446949026772
1562,michigan v providence,0.48752530700939334
1563,michigan v san-diego-state,0.478530115714109
1564,michigan v north-carolina,0.5510118750613776
1565,michigan v notre-dame,0.5913887442592878
1566,michigan v texas-tech,0.40856941231074523
1567,michigan v southern-california,0.49205477088885535
1568,michigan v murray-state,0.6564274438336728
1569,michigan v richmond,0.7112746020571457
1570,michigan v texas,0.4420973027036363
1571,michigan v texas-christian,0.5622193644388318
1572,michigan v wright-state,0.6165301250841562
1573,michigan v new-mexico-state,0.7928072377671641
1574,michigan v yale,0.7637912820500428
1575,michigan v vermont,0.7102184161574407
1576,michigan v south-dakota-state,0.782117669361303
1577,michigan v saint-peters,0.8512133147111471
1578,michigan v montana-state,0.7473509075063645
1579,michigan v texas-southern,0.9320522033635812
1580,michigan v norfolk-state,0.9102569738188657
1581,michigan-state v villanova,0.31627927232834047
1582,michigan-state v ucla,0.3600810788262314
1583,michigan-state v tennessee,0.36794062462606114
1584,michigan-state v saint-marys-ca,0.40814983911262603
1585,michigan-state v wisconsin,0.447678055489351
1586,michigan-state v ohio-state,0.5190712928625196
1587,michigan-state v san-francisco,0.5505882912577011
1588,michigan-state v seton-hall,0.5283468985946933
1589,michigan-state v virginia-tech,0.47480978961417175
1590,michigan-state v providence,0.5404354066015069
1591,michigan-state v san-diego-state,0.51519255923743
1592,michigan-state v north-carolina,0.5683067537673006
1593,michigan-state v notre-dame,0.6046638156127639
1594,michigan-state v purdue,0.48953929284789005
1595,michigan-state v murray-state,0.7015083712524239
1596,michigan-state v texas-tech,0.4838364669080535
1597,michigan-state v richmond,0.7089760097010809
1598,michigan-state v southern-california,0.5771721795899855
1599,michigan-state v wright-state,0.6242005265082282
1600,michigan-state v texas-christian,0.6127573180298875
1601,michigan-state v new-mexico-state,0.7904778220937221
1602,michigan-state v texas,0.5149902530111823
1603,michigan-state v yale,0.7624957776021183
1604,michigan-state v vermont,0.7662888762086801
1605,michigan-state v saint-peters,0.8435891925336156
1606,michigan-state v south-dakota-state,0.8228590742352851
1607,michigan-state v texas-southern,0.9044498457431093
1608,michigan-state v montana-state,0.7999294799132526
1609,michigan-state v norfolk-state,0.9367791642227382
1610,montana-state v texas-tech,0.05987445781512127
1611,montana-state v ucla,0.0631153000195119
1612,montana-state v purdue,0.07531991243087618
1613,montana-state v villanova,0.07774382036193081
1614,montana-state v tennessee,0.09222792577715938
1615,montana-state v virginia-tech,0.08641561560438094
1616,montana-state v providence,0.12334928154575495
1617,montana-state v wisconsin,0.12991889639227272
1618,montana-state v saint-marys-ca,0.12502913058069715
1619,montana-state v southern-california,0.13947669082213243
1620,montana-state v san-francisco,0.18592891720054305
1621,montana-state v texas,0.15116628742344893
1622,montana-state v north-carolina,0.20330340488177376
1623,montana-state v seton-hall,0.19987215914603412
1624,montana-state v notre-dame,0.18695129363228413
1625,montana-state v san-diego-state,0.2036602119212329
1626,montana-state v ohio-state,0.1787454599336758
1627,montana-state v texas-christian,0.19809586607306973
1628,montana-state v murray-state,0.20576715571435839
1629,montana-state v vermont,0.2182602546879583
1630,montana-state v richmond,0.3069866389367101
1631,montana-state v wright-state,0.2496225811010966
1632,montana-state v yale,0.442230822194003
1633,montana-state v texas-southern,0.601455888184875
1634,montana-state v saint-peters,0.5614479459536601
1635,montana-state v new-mexico-state,0.485706152318641
1636,montana-state v south-dakota-state,0.4655942550786231
1637,montana-state v norfolk-state,0.5899172902148715
1638,murray-state v tennessee,0.1761570156693551
1639,murray-state v ucla,0.15935824489112566
1640,murray-state v north-carolina,0.2851796497549944
1641,murray-state v wisconsin,0.2671757013296043
1642,murray-state v villanova,0.16713832672546358
1643,murray-state v san-francisco,0.33100269404974253
1644,murray-state v purdue,0.21275794447186097
1645,murray-state v texas-tech,0.2496328600727358
1646,murray-state v seton-hall,0.3857232666445958
1647,murray-state v ohio-state,0.32784178048739093
1648,murray-state v saint-marys-ca,0.3021698920998573
1649,murray-state v providence,0.3456802814029957
1650,murray-state v virginia-tech,0.2716801028041355
1651,murray-state v notre-dame,0.4163720221921713
1652,murray-state v san-diego-state,0.4983912798359847
1653,murray-state v southern-california,0.3882107036513198
1654,murray-state v richmond,0.5978905886547435
1655,murray-state v texas-christian,0.5016941037904681
1656,murray-state v texas,0.37646096690267083
1657,murray-state v yale,0.7557490106031781
1658,murray-state v wright-state,0.5631462061974088
1659,murray-state v south-dakota-state,0.5743741248018243
1660,murray-state v new-mexico-state,0.8033028885954938
1661,murray-state v vermont,0.5566436889373063
1662,murray-state v saint-peters,0.9314976386570148
1663,murray-state v texas-southern,0.9447388175211311
1664,murray-state v norfolk-state,0.9627247436665973
1665,new-mexico-state v ucla,0.0625300872274725
1666,new-mexico-state v villanova,0.04967716384752561
1667,new-mexico-state v tennessee,0.10454798536050813
1668,new-mexico-state v purdue,0.0701245435847101
1669,new-mexico-state v texas-tech,0.08687310755556922
1670,new-mexico-state v wisconsin,0.13711460568810685
1671,new-mexico-state v saint-marys-ca,0.09192930629830881
1672,new-mexico-state v virginia-tech,0.07614582429816352
1673,new-mexico-state v providence,0.12543521021307685
1674,new-mexico-state v san-francisco,0.22657030775416737
1675,new-mexico-state v ohio-state,0.14037828207179867
1676,new-mexico-state v southern-california,0.12958678716181218
1677,new-mexico-state v seton-hall,0.22547399695780082
1678,new-mexico-state v san-diego-state,0.23078980960141093
1679,new-mexico-state v north-carolina,0.2528016304970917
1680,new-mexico-state v notre-dame,0.20680036613901398
1681,new-mexico-state v texas,0.11708880192665723
1682,new-mexico-state v texas-christian,0.22466001411170006
1683,new-mexico-state v richmond,0.37426315040524494
1684,new-mexico-state v vermont,0.2153603240882138
1685,new-mexico-state v wright-state,0.26718632836862366
1686,new-mexico-state v yale,0.556073861897773
1687,new-mexico-state v south-dakota-state,0.42889565988754086
1688,new-mexico-state v saint-peters,0.6844648971558408
1689,new-mexico-state v texas-southern,0.7944107392832418
1690,new-mexico-state v norfolk-state,0.742804411154505
1691,norfolk-state v ucla,0.0060766394381256235
1692,norfolk-state v texas-tech,0.007975621042544234
1693,norfolk-state v villanova,0.008296019817288192
1694,norfolk-state v virginia-tech,0.01003751657371599
1695,norfolk-state v purdue,0.011098976895210874
1696,norfolk-state v tennessee,0.015299067697059068
1697,norfolk-state v saint-marys-ca,0.02029563511366013
1698,norfolk-state v providence,0.021699982197727816
1699,norfolk-state v wisconsin,0.028477251119633715
1700,norfolk-state v southern-california,0.030215757354150625
1701,norfolk-state v texas,0.029241747044509984
1702,norfolk-state v vermont,0.036140419453810156
1703,norfolk-state v san-diego-state,0.06059174747777111
1704,norfolk-state v notre-dame,0.043478266999946245
1705,norfolk-state v san-francisco,0.06203162136364161
1706,norfolk-state v ohio-state,0.04603369331044696
1707,norfolk-state v seton-hall,0.06844894938219383
1708,norfolk-state v north-carolina,0.07488440320057821
1709,norfolk-state v texas-christian,0.06020692394881697
1710,norfolk-state v richmond,0.1155883815711787
1711,norfolk-state v wright-state,0.11414162024964666
1712,norfolk-state v yale,0.3897374429137155
1713,norfolk-state v texas-southern,0.49211202063539183
1714,norfolk-state v saint-peters,0.4146824785570655
1715,norfolk-state v south-dakota-state,0.31771391852519393
1716,north-carolina v villanova,0.26544714324999763
1717,north-carolina v ucla,0.3153695294988147
1718,north-carolina v tennessee,0.3188239689121366
1719,north-carolina v saint-marys-ca,0.3747290032444744
1720,north-carolina v wisconsin,0.3961993517807416
1721,north-carolina v san-francisco,0.5108941794415763
1722,north-carolina v ohio-state,0.46687250726563206
1723,north-carolina v seton-hall,0.4815110714512827
1724,north-carolina v notre-dame,0.5303707712592176
1725,north-carolina v san-diego-state,0.48014000191127504
1726,north-carolina v providence,0.5086861272162377
1727,north-carolina v virginia-tech,0.4341220439141006
1728,north-carolina v richmond,0.6338211106592215
1729,north-carolina v purdue,0.4732840165959404
1730,north-carolina v wright-state,0.5797031930846017
1731,north-carolina v texas-tech,0.4764646666818602
1732,north-carolina v yale,0.7003187614824233
1733,north-carolina v southern-california,0.5872604484804534
1734,north-carolina v texas-christian,0.5679504844541541
1735,north-carolina v texas,0.5125731285976182
1736,north-carolina v saint-peters,0.7969306481387817
1737,north-carolina v texas-southern,0.8342369293170431
1738,north-carolina v vermont,0.7943802907800426
1739,north-carolina v south-dakota-state,0.8177798570253374
1740,notre-dame v villanova,0.1841366564757142
1741,notre-dame v ucla,0.22170619347968357
1742,notre-dame v tennessee,0.24736121815987583
1743,notre-dame v saint-marys-ca,0.2791353392307576
1744,notre-dame v wisconsin,0.3265441084539324
1745,notre-dame v purdue,0.30211149805112936
1746,notre-dame v virginia-tech,0.30396591887440016
1747,notre-dame v ohio-state,0.37774692393205755
1748,notre-dame v seton-hall,0.4312976301200708
1749,notre-dame v providence,0.3995424292534527
1750,notre-dame v san-francisco,0.4575337937026259
1751,notre-dame v texas-tech,0.30986024135093215
1752,notre-dame v san-diego-state,0.424730514423065
1753,notre-dame v southern-california,0.4279000158126174
1754,notre-dame v texas,0.35493164717792036
1755,notre-dame v richmond,0.6621268513021635
1756,notre-dame v texas-christian,0.5038381942734549
1757,notre-dame v yale,0.7882084945978174
1758,notre-dame v wright-state,0.6582972935496705
1759,notre-dame v vermont,0.647161274083993
1760,notre-dame v south-dakota-state,0.7696424853487658
1761,notre-dame v saint-peters,0.8715808873340192
1762,notre-dame v texas-southern,0.9456784885954659
1763,ohio-state v villanova,0.2993416028910857
1764,ohio-state v ucla,0.3191206574112635
1765,ohio-state v tennessee,0.32145162320711185
1766,ohio-state v saint-marys-ca,0.3855049261989324
1767,ohio-state v wisconsin,0.41056445941103376
1768,ohio-state v purdue,0.38282455748813404
1769,ohio-state v virginia-tech,0.42529141648809343
1770,ohio-state v seton-hall,0.49889177825299275
1771,ohio-state v san-francisco,0.5205893751529174
1772,ohio-state v providence,0.5023366281289721
1773,ohio-state v texas-tech,0.36231742450745663
1774,ohio-state v san-diego-state,0.5023584662042649
1775,ohio-state v southern-california,0.4908429714156855
1776,ohio-state v texas,0.43303900497831843
1777,ohio-state v texas-christian,0.577578961390246
1778,ohio-state v richmond,0.7534364827301645
1779,ohio-state v yale,0.8176042539760869
1780,ohio-state v vermont,0.728667225291862
1781,ohio-state v wright-state,0.7046144465175772
1782,ohio-state v south-dakota-state,0.8048318005643009
1783,ohio-state v saint-peters,0.9033980347817736
1784,ohio-state v texas-southern,0.9622246903264965
1785,providence v ucla,0.28277738419715076
1786,providence v tennessee,0.29015043856832623
1787,providence v villanova,0.27174822192456294
1788,providence v wisconsin,0.4001424795300584
1789,providence v saint-marys-ca,0.38914996195660806
1790,providence v purdue,0.38234288514725434
1791,providence v texas-tech,0.35893434787415496
1792,providence v san-francisco,0.502752916843225
1793,providence v virginia-tech,0.4098476867047536
1794,providence v seton-hall,0.5066958460835341
1795,providence v san-diego-state,0.5283991531259229
1796,providence v southern-california,0.5154384323978247
1797,providence v texas,0.4519625299326285
1798,providence v texas-christian,0.6052630990730705
1799,providence v richmond,0.7455788485651991
1800,providence v yale,0.8379445207850789
1801,providence v wright-state,0.7249193036650359
1802,providence v vermont,0.7120223456287483
1803,providence v south-dakota-state,0.7971137425027083
1804,providence v saint-peters,0.9236827567641013
1805,providence v texas-southern,0.9616811052079808
1806,purdue v tennessee,0.330646074011135
1807,purdue v ucla,0.3613101297984299
1808,purdue v villanova,0.36905204002914826
1809,purdue v wisconsin,0.46608954520929324
1810,purdue v saint-marys-ca,0.4954253167865099
1811,purdue v texas-tech,0.4265398652883405
1812,purdue v seton-hall,0.5625772488245304
1813,purdue v virginia-tech,0.5386519767324746
1814,purdue v san-francisco,0.5671035972249615
1815,purdue v san-diego-state,0.5859616615826893
1816,purdue v southern-california,0.6319972732428224
1817,purdue v texas,0.5640779331008077
1818,purdue v texas-christian,0.6706332791167976
1819,purdue v richmond,0.8132379720319229
1820,purdue v yale,0.8662472566680934
1821,purdue v wright-state,0.8207553375886714
1822,purdue v vermont,0.8494147996766094
1823,purdue v saint-peters,0.9395023718412944
1824,purdue v south-dakota-state,0.8617977673829299
1825,purdue v texas-southern,0.9651954487562744
1826,richmond v villanova,0.0978347340003699
1827,richmond v ucla,0.1314062622711119
1828,richmond v tennessee,0.16792935836600364
1829,richmond v saint-marys-ca,0.16449012250312106
1830,richmond v wisconsin,0.22247811864445552
1831,richmond v virginia-tech,0.16716164347019202
1832,richmond v san-francisco,0.343048159707989
1833,richmond v san-diego-state,0.29877984894245235
1834,richmond v texas-tech,0.19869088079162361
1835,richmond v seton-hall,0.31691257334805684
1836,richmond v southern-california,0.28235321996337864
1837,richmond v texas,0.2236594691185916
1838,richmond v texas-christian,0.3525447648351703
1839,richmond v vermont,0.43613336624002597
1840,richmond v wright-state,0.4523395412239263
1841,richmond v yale,0.647443757226667
1842,richmond v saint-peters,0.7299825649441016
1843,richmond v south-dakota-state,0.6569619573703901
1844,richmond v texas-southern,0.8310328569979543
1845,saint-marys-ca v ucla,0.4029733671357487
1846,saint-marys-ca v tennessee,0.41617053976272605
1847,saint-marys-ca v villanova,0.39350787868266157
1848,saint-marys-ca v wisconsin,0.5292603517027225
1849,saint-marys-ca v san-francisco,0.6063668331853802
1850,saint-marys-ca v texas-tech,0.4882115194784157
1851,saint-marys-ca v virginia-tech,0.5396513987101319
1852,saint-marys-ca v seton-hall,0.6252365040916201
1853,saint-marys-ca v san-diego-state,0.6317224603580435
1854,saint-marys-ca v southern-california,0.6035341659281761
1855,saint-marys-ca v texas,0.5570044594484014
1856,saint-marys-ca v texas-christian,0.7268093828512827
1857,saint-marys-ca v vermont,0.7294058955591443
1858,saint-marys-ca v wright-state,0.76370862714437
1859,saint-marys-ca v yale,0.893676584129164
1860,saint-marys-ca v south-dakota-state,0.8225307067500595
1861,saint-marys-ca v saint-peters,0.9499225461264489
1862,saint-marys-ca v texas-southern,0.9783591105895664
1863,saint-peters v ucla,0.02934867051934185
1864,saint-peters v vermont,0.04516861432367575
1865,saint-peters v villanova,0.026169037211848274
1866,saint-peters v virginia-tech,0.04080492886300727
1867,saint-peters v tennessee,0.06360484719907367
1868,saint-peters v texas-tech,0.06724978543573698
1869,saint-peters v san-francisco,0.15161215248766852
1870,saint-peters v southern-california,0.08509843779220572
1871,saint-peters v wright-state,0.1419754813343524
1872,saint-peters v wisconsin,0.09951620796063934
1873,saint-peters v san-diego-state,0.15719414119196873
1874,saint-peters v seton-hall,0.17495818748545805
1875,saint-peters v texas,0.08505915829163713
1876,saint-peters v texas-southern,0.5460368644114814
1877,saint-peters v yale,0.4809851367375807
1878,saint-peters v texas-christian,0.1924410092526844
1879,saint-peters v south-dakota-state,0.3422792748999697
1880,san-diego-state v ucla,0.2851864815512655
1881,san-diego-state v villanova,0.2772748978168842
1882,san-diego-state v tennessee,0.31688119121031
1883,san-diego-state v san-francisco,0.47243180385271666
1884,san-diego-state v wisconsin,0.4234622543312232
1885,san-diego-state v virginia-tech,0.4009299378710872
1886,san-diego-state v seton-hall,0.512250598226502
1887,san-diego-state v texas-tech,0.3902625451120948
1888,san-diego-state v vermont,0.516051577478268
1889,san-diego-state v southern-california,0.4711558114919244
1890,san-diego-state v wright-state,0.5446969636758638
1891,san-diego-state v texas,0.4471449747622221
1892,san-diego-state v yale,0.7700710244386733
1893,san-diego-state v texas-christian,0.6113428816289632
1894,san-diego-state v texas-southern,0.878258638019148
1895,san-diego-state v south-dakota-state,0.7351860819010384
1896,san-francisco v villanova,0.2748971829423602
1897,san-francisco v ucla,0.30833925832004916
1898,san-francisco v tennessee,0.3218166719397275
1899,san-francisco v wisconsin,0.40776097449811
1900,san-francisco v seton-hall,0.5002497641833477
1901,san-francisco v virginia-tech,0.4203435540233512
1902,san-francisco v texas-tech,0.44109733882751584
1903,san-francisco v southern-california,0.5550701956513031
1904,san-francisco v wright-state,0.5789760578661196
1905,san-francisco v yale,0.7418372957116799
1906,san-francisco v texas-christian,0.5885315994137079
1907,san-francisco v texas,0.4944246595173453
1908,san-francisco v vermont,0.7359231845815433
1909,san-francisco v texas-southern,0.8708211116326854
1910,san-francisco v south-dakota-state,0.7860243869403737
1911,seton-hall v villanova,0.2807463543922565
1912,seton-hall v ucla,0.30559627730545247
1913,seton-hall v tennessee,0.3202381264073705
1914,seton-hall v wisconsin,0.413623562396348
1915,seton-hall v virginia-tech,0.4194606846361241
1916,seton-hall v texas-tech,0.4109334935865635
1917,seton-hall v southern-california,0.5204696703425671
1918,seton-hall v wright-state,0.5790352622412406
1919,seton-hall v texas,0.46851113967354613
1920,seton-hall v vermont,0.664884519053161
1921,seton-hall v texas-christian,0.5878414067934652
1922,seton-hall v yale,0.7440040140250346
1923,seton-hall v texas-southern,0.8713447946427411
1924,seton-hall v south-dakota-state,0.7915967000257618
1925,south-dakota-state v tennessee,0.10732888588988271
1926,south-dakota-state v ucla,0.10114592651432848
1927,south-dakota-state v villanova,0.10262878995338795
1928,south-dakota-state v wisconsin,0.14410987504382977
1929,south-dakota-state v texas-tech,0.16370691561201947
1930,south-dakota-state v virginia-tech,0.1681460332049574
1931,south-dakota-state v yale,0.42961888174064927
1932,south-dakota-state v southern-california,0.26881539347940653
1933,south-dakota-state v texas-christian,0.2710960055852195
1934,south-dakota-state v wright-state,0.32152338548868853
1935,south-dakota-state v texas,0.30762652095624593
1936,south-dakota-state v texas-southern,0.7068781049669538
1937,south-dakota-state v vermont,0.4813171365523631
1938,southern-california v tennessee,0.24775862261633497
1939,southern-california v ucla,0.250966855295748
1940,southern-california v villanova,0.27045141187932775
1941,southern-california v texas-tech,0.3178128189219719
1942,southern-california v wisconsin,0.3740608213424361
1943,southern-california v virginia-tech,0.4008699131022908
1944,southern-california v texas,0.45568430815442557
1945,southern-california v texas-christian,0.5897418184872594
1946,southern-california v yale,0.810677889161293
1947,southern-california v vermont,0.6621589154710197
1948,southern-california v wright-state,0.6693994114388732
1949,southern-california v texas-southern,0.934307121324696
1950,tennessee v villanova,0.471674243513953
1951,tennessee v ucla,0.5079823464314007
1952,tennessee v wisconsin,0.6008666404460611
1953,tennessee v virginia-tech,0.6633595601435494
1954,tennessee v texas-tech,0.6634184565736455
1955,tennessee v wright-state,0.7801655909362297
1956,tennessee v texas-christian,0.7857091971462717
1957,tennessee v yale,0.8772658636905171
1958,tennessee v texas,0.6965764038406461
1959,tennessee v vermont,0.8813472714987908
1960,tennessee v texas-southern,0.961769213573078
1961,texas v ucla,0.3099279216327049
1962,texas v villanova,0.33149754582829033
1963,texas v texas-tech,0.3725701180213779
1964,texas v wisconsin,0.4341826728756947
1965,texas v virginia-tech,0.47490809118988414
1966,texas v texas-christian,0.6457007310729438
1967,texas v vermont,0.6587348228979095
1968,texas v yale,0.8518769725279828
1969,texas v wright-state,0.7212414582404008
1970,texas v texas-southern,0.9385121725151018
1971,texas-christian v ucla,0.19482792876187033
1972,texas-christian v villanova,0.18739277103177093
1973,texas-christian v texas-tech,0.27645023371084754
1974,texas-christian v wisconsin,0.3171133817686653
1975,texas-christian v virginia-tech,0.3101068844140093
1976,texas-christian v vermont,0.5468079081576809
1977,texas-christian v wright-state,0.6069184578262945
1978,texas-christian v yale,0.7470446616533882
1979,texas-christian v texas-southern,0.8752765414875774
1980,texas-southern v ucla,0.01188359839374592
1981,texas-southern v villanova,0.0084243857757887
1982,texas-southern v vermont,0.03637680300180985
1983,texas-southern v virginia-tech,0.014864939438171505
1984,texas-southern v wright-state,0.13640413976784882
1985,texas-southern v wisconsin,0.0574554254056415
1986,texas-southern v texas-tech,0.055539152092941586
1987,texas-southern v yale,0.46682276424548264
1988,texas-tech v ucla,0.35684090843964933
1989,texas-tech v villanova,0.37016638684568487
1990,texas-tech v wisconsin,0.49239046924340235
1991,texas-tech v virginia-tech,0.5682436060420869
1992,texas-tech v vermont,0.82043649379186
1993,texas-tech v wright-state,0.7992070089746173
1994,texas-tech v yale,0.8716745954913521
1995,ucla v villanova,0.4695368970622311
1996,ucla v wisconsin,0.6035804508779814
1997,ucla v virginia-tech,0.6614395192485916
1998,ucla v yale,0.9253417570043047
1999,ucla v wright-state,0.8559747676834201
2000,ucla v vermont,0.8872165985520442
2001,vermont v wisconsin,0.20823669450507024
2002,vermont v villanova,0.13962149481384897
2003,vermont v virginia-tech,0.22222722903953773
2004,vermont v yale,0.7952036357289725
2005,vermont v wright-state,0.5733037934766207
2006,villanova v wisconsin,0.6308869676681985
2007,villanova v virginia-tech,0.6725494020762394
2008,villanova v yale,0.9421882192658009
2009,villanova v wright-state,0.8661464712140249
2010,virginia-tech v wisconsin,0.4686381193082243
2011,virginia-tech v yale,0.9122199960002862
2012,virginia-tech v wright-state,0.8314296650652708
2013,wisconsin v wright-state,0.7189770432287861
2014,wisconsin v yale,0.8300258563573251
2015,wright-state v yale,0.7652484262181847
